,Dispatching_base_num,numOutput,year,month,day,Borough,Zone,ZipCode,Date,TemperatureF,Preci,Events
1,B02512,2550,2015,1,1,Manhattan,East Chelsea,10011,2016/1/1,33,0,
2,B02512,933,2015,1,2,Queens,LaGuardia Airport,11371,2015/1/2,39,0,
3,B02512,1157,2015,1,3,Manhattan,Upper East Side North,10075,2015/1/3,38,0.71,Rain-Snow
4,B02512,848,2015,1,4,Manhattan,Clinton West,10019,2015/1/4,49,0.3,Rain
5,B02512,1063,2015,1,5,Brooklyn,Prospect Heights,11238,2015/1/5,35,0,
6,B02512,1399,2015,1,6,Manhattan,Lincoln Square East,10023,2015/1/6,21,0.05,Snow
7,B02512,1532,2015,1,7,Manhattan,West Village,10014,2015/1/7,16,0,
8,B02512,1907,2015,1,8,Manhattan,Murray Hill,10016,2015/1/8,15,0,
9,B02512,1713,2015,1,9,Manhattan,Lower East Side,10002,2015/1/9,26,0.07,Snow
10,B02512,1810,2015,1,10,Manhattan,Little Italy/NoLiTa,10012,2015/1/10,20,0,
11,B02512,1255,2015,1,11,Manhattan,Financial District North,10005,2015/1/11,28,0,
12,B02512,1530,2015,1,12,Manhattan,Upper East Side North,10075,2015/1/12,37,0.36,Rain
13,B02512,1800,2015,1,13,Manhattan,Financial District South,10005,2015/1/13,27,0,
14,B02512,1720,2015,1,14,Manhattan,East Village,10009,2015/1/14,24,0,
15,B02512,1753,2015,1,15,Queens,LaGuardia Airport,11371,2015/1/15,30,0,
16,B02512,1630,2015,1,16,Manhattan,Financial District South,10005,2015/1/16,32,0,
17,B02512,1382,2015,1,17,Manhattan,East Village,10009,2015/1/17,25,0,
18,B02512,1677,2015,1,18,Manhattan,East Harlem North,10029,2015/1/18,37,2.1,Fog-Rain
19,B02512,1129,2015,1,19,Queens,LaGuardia Airport,11371,2015/1/19,39,0,
20,B02512,1411,2015,1,20,Manhattan,East Chelsea,10011,2015/1/20,36,0,
21,B02512,1612,2015,1,21,Manhattan,Meatpacking/West Village West,10013,2015/1/21,31,0,
22,B02512,1665,2015,1,22,Manhattan,Sutton Place/Turtle Bay North,10022,2015/1/22,36,0,
23,B02512,1809,2015,1,23,Manhattan,Times Sq/Theatre District,10036,2015/1/23,34,0,
24,B02512,1740,2015,1,24,Manhattan,Lower East Side,10002,2015/1/24,36,0.72,Fog-Rain-Snow
25,B02512,1312,2015,1,25,Manhattan,Midtown Center,10176,2015/1/25,37,0,
26,B02512,1054,2015,1,26,Brooklyn,Windsor Terrace,11218,2015/1/26,27,0.48,Fog-Snow
27,B02512,683,2015,1,27,Manhattan,West Village,10014,2015/1/27,25,0.36,Fog-Snow
28,B02512,1530,2015,1,28,Manhattan,Little Italy/NoLiTa,10012,2015/1/28,25,0,
29,B02512,1767,2015,1,29,Brooklyn,Prospect Heights,11238,2015/1/29,28,0.02,Snow
30,B02512,2136,2015,1,30,Manhattan,Upper East Side South,10075,2015/1/30,29,0.06,Snow
31,B02512,1984,2015,1,31,Manhattan,Clinton West,10019,2015/1/31,20,0,
32,B02512,1511,2015,2,1,Manhattan,West Village,10014,2015/2/1,28,0.03,Snow
33,B02512,1965,2015,2,2,Manhattan,Greenwich Village North,10014,2015/2/2,24,1.02,Fog-Rain-Snow
34,B02512,2086,2015,2,3,Manhattan,Murray Hill,10016,2015/2/3,20,0,
35,B02512,1748,2015,2,4,Queens,JFK Airport,11430,2015/2/4,34,0,
36,B02512,2145,2015,2,5,Manhattan,Upper East Side South,10075,2015/2/5,28,0,
37,B02512,2172,2015,2,6,Manhattan,Battery Park City,10080,2015/2/6,20,0,
38,B02512,1637,2015,2,7,Manhattan,Stuy Town/Peter Cooper Village,10009,2015/2/7,33,0.02,Snow
39,B02512,1321,2015,2,8,Manhattan,Greenwich Village North,10014,2015/2/8,33,0,
40,B02512,1666,2015,2,9,Manhattan,Murray Hill,10016,2015/2/9,27,0.09,
41,B02512,1676,2015,2,10,Manhattan,Midtown Center,10176,2015/2/10,33,0.01,Snow
42,B02512,1944,2015,2,11,Manhattan,Clinton East,10019,2015/2/11,28,0,
43,B02512,2218,2015,2,12,Manhattan,UN/Turtle Bay South,10017,2015/2/12,28,T,Snow
44,B02512,2585,2015,2,13,Manhattan,Midtown Center,10176,2015/2/13,15,0,
45,B02512,2185,2015,2,14,Manhattan,Upper West Side South,10024,2015/2/14,24,0.02,Snow
46,B02512,2156,2015,2,15,Manhattan,Greenwich Village North,10014,2015/2/15,15,T,Snow
47,B02512,1703,2015,2,16,Manhattan,Lenox Hill West,10065,2015/2/16,12,0,
48,B02512,1940,2015,2,17,Manhattan,Penn Station/Madison Sq West,10001,2015/2/17,21,0.14,Snow
49,B02512,1729,2015,2,18,Manhattan,Times Sq/Theatre District,10036,2015/2/18,26,T,Snow
50,B02512,2263,2015,2,19,Manhattan,Upper East Side North,10075,2015/2/19,18,0,
51,B02512,2568,2015,2,20,Manhattan,Little Italy/NoLiTa,10012,2015/2/20,11,0,
52,B02512,2267,2015,2,21,Manhattan,Murray Hill,10016,2015/2/21,23,0.61,Fog-Rain-Snow
53,B02512,1441,2015,2,22,Manhattan,Manhattan Valley,10025,2015/2/22,38,0.1,Rain-Snow
54,B02512,1946,2015,2,23,Manhattan,Morningside Heights,10027,2015/2/23,23,0,
55,B02512,2014,2015,2,24,Manhattan,Little Italy/NoLiTa,10012,2015/2/24,14,0,
56,B02512,1756,2015,2,25,Manhattan,Lenox Hill West,10065,2015/2/25,29,0,
57,B02512,1931,2015,2,26,Manhattan,Murray Hill,10016,2015/2/26,27,0,
58,B02512,2204,2015,2,27,Manhattan,Little Italy/NoLiTa,10012,2015/2/27,24,0,
59,B02512,1915,2015,2,28,Manhattan,Sutton Place/Turtle Bay North,10022,2015/2/28,21,0,
60,B02512,1512,2015,3,1,Manhattan,Midtown Center,10176,2015/3/1,28,0.52,Fog-Snow
61,B02512,1500,2015,3,2,Manhattan,Gramercy,10017,2015/3/2,33,0,
62,B02512,1969,2015,3,3,Manhattan,Midtown Center,10176,2015/3/3,30,0.67,Rain-Snow
63,B02512,1626,2015,3,4,Manhattan,Midtown East,10022,2015/3/4,40,0.25,Rain
64,B02512,1917,2015,3,5,Brooklyn,Prospect Heights,11238,2015/3/5,30,0.76,Fog-Rain-Snow
65,B02512,2036,2015,3,6,Manhattan,Penn Station/Madison Sq West,10001,2015/3/6,20,0,
66,B02512,1670,2015,3,7,Queens,Forest Hills,11375,2015/3/7,28,0,
67,B02512,1154,2015,3,8,Manhattan,Times Sq/Theatre District,10036,2015/3/8,43,0,
68,B02512,1434,2015,3,9,Queens,JFK Airport,11430,2015/3/9,47,0.01,Rain
69,B02512,1881,2015,3,10,Manhattan,Hudson Sq,10013,2015/3/10,46,0.46,Rain
70,B02512,1636,2015,3,11,Manhattan,Morningside Heights,10027,2015/3/11,52,0.01,Rain
71,B02512,1713,2015,3,12,Queens,JFK Airport,11430,2015/3/12,42,0,
72,B02512,1787,2015,3,13,Manhattan,Upper West Side South,10024,2015/3/13,37,0,
73,B02512,1843,2015,3,14,Manhattan,World Trade Center,10006,2015/3/14,46,0.81,Rain
74,B02512,1153,2015,3,15,Queens,LaGuardia Airport,11371,2015/3/15,40,0,
75,B02512,1325,2015,3,16,Queens,LaGuardia Airport,11371,2015/3/16,44,0,
76,B02512,1373,2015,3,17,Manhattan,Penn Station/Madison Sq West,10001,2015/3/17,46,0.02,Rain
77,B02512,1538,2015,3,18,Manhattan,Union Sq,10003,2015/3/18,34,0,
78,B02512,1657,2015,3,19,Manhattan,Kips Bay,10016,2015/3/19,36,0,
79,B02512,2031,2015,3,20,Manhattan,Financial District North,10005,2015/3/20,34,0.4,Fog-Snow
80,B02512,1487,2015,3,21,Manhattan,Lower East Side,10002,2015/3/21,38,T,
81,B02512,1338,2015,3,22,Queens,JFK Airport,11430,2015/3/22,36,0,
82,B02512,1492,2015,3,23,Queens,LaGuardia Airport,11371,2015/3/23,31,0,
83,B02512,1499,2015,3,24,Manhattan,Upper West Side North,10024,2015/3/24,36,0,
84,B02512,1675,2015,3,25,Manhattan,Times Sq/Theatre District,10036,2015/3/25,42,0.05,Rain
85,B02512,1726,2015,3,26,Manhattan,Greenwich Village South,10014,2015/3/26,52,0.32,Rain
86,B02512,1731,2015,3,27,Manhattan,Meatpacking/West Village West,10013,2015/3/27,43,0.27,Rain
87,B02512,1647,2015,3,28,Manhattan,Midtown Center,10176,2015/3/28,33,T,Snow
88,B02512,1535,2015,3,29,Queens,JFK Airport,11430,2015/3/29,36,0,
89,B02512,1437,2015,3,30,Manhattan,Midtown East,10022,2015/3/30,45,T,Snow
90,B02512,1743,2015,3,31,Queens,JFK Airport,11430,2015/3/31,41,0.17,Rain
91,B02512,461,2015,4,1,Manhattan,Clinton West,10019,2015/4/1,42,0,
92,B02512,481,2015,4,2,Manhattan,Lower East Side,10002,2015/4/2,54,0,
93,B02512,391,2015,4,3,Manhattan,Little Italy/NoLiTa,10012,2015/4/3,62,0.04,Rain
94,B02512,381,2015,4,4,Manhattan,East Harlem South,10029,2015/4/4,51,0.01,Rain
95,B02512,379,2015,4,5,Brooklyn,Fort Greene,11205,2015/4/5,52,0,
96,B02512,392,2015,4,6,Bronx,Schuylerville/Edgewater Park,10465,2015/4/6,53,0,
97,B02512,519,2015,4,7,Manhattan,Meatpacking/West Village West,10013,2015/4/7,52,0.15,Rain
98,B02512,472,2015,4,8,Manhattan,West Chelsea/Hudson Yards,10014,2015/4/8,41,0,
99,B02512,507,2015,4,9,Manhattan,Battery Park City,10080,2015/4/9,40,0,
100,B02512,480,2015,4,10,Brooklyn,Bushwick South,11221,2015/4/10,48,0.17,Rain
101,B02512,493,2015,4,11,Manhattan,Midtown North,10036,2015/4/11,51,0,
102,B02512,409,2015,4,12,Bronx,Highbridge,10452,2015/4/12,55,0,
103,B02512,426,2015,4,13,Manhattan,Lincoln Square East,10023,2015/4/13,59,0,
104,B02512,451,2015,4,14,Manhattan,Times Sq/Theatre District,10036,2015/4/14,60,0.01,
105,B02512,453,2015,4,15,Manhattan,Union Sq,10003,2015/4/15,62,0,
106,B02512,512,2015,4,16,Manhattan,Yorkville West,10028,2015/4/16,58,0,
107,B02512,453,2015,4,17,Manhattan,Lower East Side,10002,2015/4/17,63,0.08,Rain
108,B02512,519,2015,4,18,Manhattan,Meatpacking/West Village West,10013,2015/4/18,70,0,
109,B02512,452,2015,4,19,Brooklyn,Park Slope,11215,2015/4/19,56,0,
110,B02512,529,2015,4,20,Manhattan,Penn Station/Madison Sq West,10001,2015/4/20,52,1.37,Fog-Rain
111,B02512,437,2015,4,21,Manhattan,Greenwich Village North,10014,2015/4/21,59,0.2,Rain
112,B02512,531,2015,4,22,Manhattan,Meatpacking/West Village West,10013,2015/4/22,59,0.05,Rain
113,B02512,511,2015,4,23,Manhattan,Midtown South,10036,2015/4/23,47,0,
114,B02512,596,2015,4,24,Manhattan,UN/Turtle Bay South,10017,2015/4/24,46,0,
115,B02512,636,2015,4,25,Manhattan,Flatiron,10010,2015/4/25,50,0,
116,B02512,474,2015,4,26,Manhattan,Greenwich Village North,10014,2015/4/26,55,0,
117,B02512,487,2015,4,27,Manhattan,Midtown South,10036,2015/4/27,56,0,
118,B02512,530,2015,4,28,Manhattan,Flatiron,10010,2015/4/28,61,0,
119,B02512,505,2015,4,29,Manhattan,Midtown East,10022,2015/4/29,64,0,
120,B02512,521,2015,4,30,Brooklyn,Greenpoint,11222,2015/4/30,58,0,
121,B02512,1779,2015,5,1,Manhattan,Upper East Side North,10075,2015/5/1,56,0,
122,B02512,1774,2015,5,2,Manhattan,Washington Heights South,10032,2015/5/2,61,0,
123,B02512,1352,2015,5,3,Manhattan,Yorkville West,10028,2015/5/3,66,0,
124,B02512,1324,2015,5,4,Queens,LaGuardia Airport,11371,2015/5/4,71,0,
125,B02512,1458,2015,5,5,Manhattan,Clinton East,10019,2015/5/5,76,0,
126,B02512,1568,2015,5,6,Manhattan,Midtown Center,10176,2015/5/6,66,T,
127,B02512,1693,2015,5,7,Queens,Sunnyside,11104,2015/5/7,68,0,
128,B02512,1679,2015,5,8,Manhattan,TriBeCa/Civic Center,11201,2015/5/8,69,0,
129,B02512,1432,2015,5,9,Manhattan,Greenwich Village North,10014,2015/5/9,64,0,
130,B02512,1110,2015,5,10,Manhattan,Flatiron,10010,2015/5/10,72,0,
131,B02512,1370,2015,5,11,Manhattan,Upper East Side South,10075,2015/5/11,77,T,Rain
132,B02512,1463,2015,5,12,Manhattan,Greenwich Village South,10014,2015/5/12,75,0,
133,B02512,1625,2015,5,13,Manhattan,Midtown South,10036,2015/5/13,62,0,
134,B02512,1659,2015,5,14,Manhattan,Two Bridges/Seward Park,10002,2015/5/14,62,0,
135,B02512,1680,2015,5,15,Manhattan,Greenwich Village South,10014,2015/5/15,65,0,
136,B02512,1758,2015,5,16,Queens,Astoria,11102,2015/5/16,66,0.3,Rain
137,B02512,1449,2015,5,17,Manhattan,Hudson Sq,10013,2015/5/17,74,0.02,Rain
138,B02512,1403,2015,5,18,Manhattan,Stuy Town/Peter Cooper Village,10009,2015/5/18,68,0,
139,B02512,1622,2015,5,19,Manhattan,Union Sq,10003,2015/5/19,70,T,Rain
140,B02512,1696,2015,5,20,Manhattan,East Chelsea,10011,2015/5/20,61,0,
141,B02512,1803,2015,5,21,Manhattan,Upper West Side North,10024,2015/5/21,57,0,
142,B02512,1240,2015,5,22,Brooklyn,Coney Island,11224,2015/5/22,65,0,
143,B02512,982,2015,5,23,Manhattan,Yorkville East,10028,2015/5/23,60,0,
144,B02512,884,2015,5,24,Manhattan,Midtown East,10022,2015/5/24,69,0,
145,B02512,794,2015,5,25,Manhattan,Midtown Center,10176,2015/5/25,75,0,
146,B02512,1228,2015,5,26,Manhattan,TriBeCa/Civic Center,11201,2015/5/26,78,0,
147,B02512,1683,2015,5,27,Manhattan,Gramercy,10017,2015/5/27,78,0.08,Rain
148,B02512,1570,2015,5,28,Manhattan,East Chelsea,10011,2015/5/28,78,0,
149,B02512,1540,2015,5,29,Manhattan,West Village,10014,2015/5/29,75,0,
150,B02512,1450,2015,5,30,Manhattan,Union Sq,10003,2015/5/30,76,0,
151,B02512,1378,2015,5,31,Queens,LaGuardia Airport,11371,2015/5/31,72,1.46,Fog-Rain
152,B02512,1673,2015,6,1,Manhattan,Times Sq/Theatre District,10036,2015/6/1,55,0.72,Rain
153,B02512,1746,2015,6,2,Manhattan,Garment District,10018,2015/6/2,53,0.37,Rain
154,B02512,1467,2015,6,3,Manhattan,Garment District,10018,2015/6/3,61,0,
155,B02512,1450,2015,6,4,Manhattan,Clinton East,10019,2015/6/4,60,0,
156,B02512,1638,2015,6,5,Manhattan,Yorkville West,10028,2015/6/5,63,0.13,Rain
157,B02512,1324,2015,6,6,Manhattan,UN/Turtle Bay South,10017,2015/6/6,68,0.19,Rain
158,B02512,1260,2015,6,7,Manhattan,East Harlem North,10029,2015/6/7,65,0,
159,B02512,1290,2015,6,8,Manhattan,Sutton Place/Turtle Bay North,10022,2015/6/8,71,0.06,Rain
160,B02512,1520,2015,6,9,Manhattan,East Harlem North,10029,2015/6/9,76,0.01,Rain
161,B02512,1537,2015,6,10,Manhattan,Lincoln Square East,10023,2015/6/10,74,0,
162,B02512,1678,2015,6,11,Manhattan,Midtown East,10022,2015/6/11,81,0,
163,B02512,1746,2015,6,12,Manhattan,West Village,10014,2015/6/12,81,0,
164,B02512,1319,2015,6,13,Manhattan,Little Italy/NoLiTa,10012,2015/6/13,79,0,
165,B02512,1160,2015,6,14,Brooklyn,Red Hook,11231,2015/6/14,77,0.36,Rain
166,B02512,1396,2015,6,15,Manhattan,East Village,10009,2015/6/15,74,0.57,Rain
167,B02512,1612,2015,6,16,Manhattan,East Chelsea,10011,2015/6/16,72,0.27,Rain
168,B02512,1586,2015,6,17,Manhattan,West Village,10014,2015/6/17,74,T,Rain
169,B02512,1763,2015,6,18,Manhattan,Greenwich Village North,10014,2015/6/18,68,0,
170,B02512,1593,2015,6,19,Manhattan,TriBeCa/Civic Center,11201,2015/6/19,78,0,
171,B02512,1263,2015,6,20,Brooklyn,Prospect-Lefferts Gardens,11225,2015/6/20,70,T,Rain
172,B02512,1169,2015,6,21,Brooklyn,Fort Greene,11205,2015/6/21,80,0.64,Rain
173,B02512,1251,2015,6,22,Manhattan,Midtown South,10036,2015/6/22,79,0,
174,B02512,1709,2015,6,23,Manhattan,East Chelsea,10011,2015/6/23,83,0.02,
175,B02512,1628,2015,6,24,Brooklyn,Williamsburg (North Side),11249,2015/6/24,76,0,
176,B02512,1653,2015,6,25,Manhattan,Union Sq,10003,2015/6/25,74,0,
177,B02512,1604,2015,6,26,Manhattan,Lenox Hill West,10065,2015/6/26,75,0,
178,B02512,1885,2015,6,27,Manhattan,East Chelsea,10011,2015/6/27,65,1.12,Rain
179,B02512,1318,2015,6,28,Manhattan,Hudson Sq,10013,2015/6/28,68,0.29,Rain
180,B02512,1226,2015,6,29,Manhattan,Hudson Sq,10013,2015/6/29,70,0,
181,B02512,1501,2015,6,30,Manhattan,Morningside Heights,10027,2015/6/30,75,0,
182,B02598,14058,2015,1,1,Manhattan,Lincoln Square East,10023,2016/1/1,33,0,
183,B02598,4825,2015,1,2,Brooklyn,Bensonhurst East,11214,2015/1/2,39,0,
184,B02598,7437,2015,1,3,Queens,Jackson Heights,11372,2015/1/3,38,0.71,Rain-Snow
185,B02598,5295,2015,1,4,Manhattan,Meatpacking/West Village West,10013,2015/1/4,49,0.3,Rain
186,B02598,5801,2015,1,5,Manhattan,East Harlem North,10029,2015/1/5,35,0,
187,B02598,6797,2015,1,6,Manhattan,East Village,10009,2015/1/6,21,0.05,Snow
188,B02598,8334,2015,1,7,Manhattan,Lenox Hill West,10065,2015/1/7,16,0,
189,B02598,10155,2015,1,8,Queens,LaGuardia Airport,11371,2015/1/8,15,0,
190,B02598,9584,2015,1,9,Manhattan,Upper West Side North,10024,2015/1/9,26,0.07,Snow
191,B02598,10383,2015,1,10,Manhattan,Chinatown,10013,2015/1/10,20,0,
192,B02598,7374,2015,1,11,Manhattan,Lenox Hill East,10065,2015/1/11,28,0,
193,B02598,7885,2015,1,12,Manhattan,East Village,10009,2015/1/12,37,0.36,Rain
194,B02598,8611,2015,1,13,Manhattan,Midtown South,10036,2015/1/13,27,0,
195,B02598,8809,2015,1,14,Manhattan,Midtown South,10036,2015/1/14,24,0,
196,B02598,9129,2015,1,15,Manhattan,Upper East Side North,10075,2015/1/15,30,0,
197,B02598,9839,2015,1,16,Manhattan,Clinton West,10019,2015/1/16,32,0,
198,B02598,9587,2015,1,17,Manhattan,Flatiron,10010,2015/1/17,25,0,
199,B02598,9552,2015,1,18,Manhattan,Flatiron,10010,2015/1/18,37,2.1,Fog-Rain
200,B02598,5558,2015,1,19,Manhattan,Upper East Side South,10075,2015/1/19,39,0,
201,B02598,7156,2015,1,20,Manhattan,Two Bridges/Seward Park,10002,2015/1/20,36,0,
202,B02598,7947,2015,1,21,Manhattan,Battery Park City,10080,2015/1/21,31,0,
203,B02598,8979,2015,1,22,Manhattan,Union Sq,10003,2015/1/22,36,0,
204,B02598,9333,2015,1,23,Manhattan,TriBeCa/Civic Center,11201,2015/1/23,34,0,
205,B02598,10009,2015,1,24,Manhattan,Lincoln Square East,10023,2015/1/24,36,0.72,Fog-Rain-Snow
206,B02598,7220,2015,1,25,Queens,JFK Airport,11430,2015/1/25,37,0,
207,B02598,5862,2015,1,26,Brooklyn,Williamsburg (North Side),11249,2015/1/26,27,0.48,Fog-Snow
208,B02598,2942,2015,1,27,Manhattan,Clinton West,10019,2015/1/27,25,0.36,Fog-Snow
209,B02598,7957,2015,1,28,Manhattan,TriBeCa/Civic Center,11201,2015/1/28,25,0,
210,B02598,9443,2015,1,29,Manhattan,Yorkville East,10028,2015/1/29,28,0.02,Snow
211,B02598,11136,2015,1,30,Manhattan,Garment District,10018,2015/1/30,29,0.06,Snow
212,B02598,11652,2015,1,31,Manhattan,Lower East Side,10002,2015/1/31,20,0,
213,B02598,9456,2015,2,1,Manhattan,SoHo,10013,2015/2/1,28,0.03,Snow
214,B02598,9308,2015,2,2,Manhattan,Upper West Side South,10024,2015/2/2,24,1.02,Fog-Rain-Snow
215,B02598,9473,2015,2,3,Manhattan,Lower East Side,10002,2015/2/3,20,0,
216,B02598,9476,2015,2,4,Manhattan,Times Sq/Theatre District,10036,2015/2/4,34,0,
217,B02598,11482,2015,2,5,Manhattan,Penn Station/Madison Sq West,10001,2015/2/5,28,0,
218,B02598,11756,2015,2,6,Manhattan,Midtown South,10036,2015/2/6,20,0,
219,B02598,10426,2015,2,7,Brooklyn,Ocean Hill,11230,2015/2/7,33,0.02,Snow
220,B02598,8098,2015,2,8,Manhattan,UN/Turtle Bay South,10017,2015/2/8,33,0,
221,B02598,8059,2015,2,9,Brooklyn,Greenpoint,11222,2015/2/9,27,0.09,
222,B02598,8601,2015,2,10,Manhattan,Meatpacking/West Village West,10013,2015/2/10,33,0.01,Snow
223,B02598,9901,2015,2,11,Manhattan,Gramercy,10017,2015/2/11,28,0,
224,B02598,11531,2015,2,12,Queens,LaGuardia Airport,11371,2015/2/12,28,T,Snow
225,B02598,12881,2015,2,13,Manhattan,Two Bridges/Seward Park,10002,2015/2/13,15,0,
226,B02598,12549,2015,2,14,Manhattan,Little Italy/NoLiTa,10012,2015/2/14,24,0.02,Snow
227,B02598,11377,2015,2,15,Manhattan,Little Italy/NoLiTa,10012,2015/2/15,15,T,Snow
228,B02598,8921,2015,2,16,Manhattan,SoHo,10013,2015/2/16,12,0,
229,B02598,9362,2015,2,17,Manhattan,East Village,10009,2015/2/17,21,0.14,Snow
230,B02598,9374,2015,2,18,Brooklyn,Carroll Gardens,11231,2015/2/18,26,T,Snow
231,B02598,11569,2015,2,19,Manhattan,Seaport,10038,2015/2/19,18,0,
232,B02598,12680,2015,2,20,Manhattan,Midtown North,10036,2015/2/20,11,0,
233,B02598,12026,2015,2,21,Manhattan,Upper East Side North,10075,2015/2/21,23,0.61,Fog-Rain-Snow
234,B02598,8222,2015,2,22,Manhattan,Times Sq/Theatre District,10036,2015/2/22,38,0.1,Rain-Snow
235,B02598,8847,2015,2,23,Manhattan,Greenwich Village North,10014,2015/2/23,23,0,
236,B02598,9709,2015,2,24,Manhattan,East Chelsea,10011,2015/2/24,14,0,
237,B02598,9277,2015,2,25,Manhattan,Kips Bay,10016,2015/2/25,29,0,
238,B02598,10447,2015,2,26,Manhattan,Lenox Hill West,10065,2015/2/26,27,0,
239,B02598,10605,2015,2,27,Manhattan,Washington Heights North,10032,2015/2/27,24,0,
240,B02598,10209,2015,2,28,Manhattan,Alphabet City,10009,2015/2/28,21,0,
241,B02598,7536,2015,3,1,Manhattan,Times Sq/Theatre District,10036,2015/3/1,28,0.52,Fog-Snow
242,B02598,6812,2015,3,2,Manhattan,Union Sq,10003,2015/3/2,33,0,
243,B02598,8759,2015,3,3,Manhattan,TriBeCa/Civic Center,11201,2015/3/3,30,0.67,Rain-Snow
244,B02598,8323,2015,3,4,Manhattan,Midtown North,10036,2015/3/4,40,0.25,Rain
245,B02598,9376,2015,3,5,Manhattan,Union Sq,10003,2015/3/5,30,0.76,Fog-Rain-Snow
246,B02598,9936,2015,3,6,Manhattan,Lower East Side,10002,2015/3/6,20,0,
247,B02598,8879,2015,3,7,Manhattan,Union Sq,10003,2015/3/7,28,0,
248,B02598,6744,2015,3,8,Queens,JFK Airport,11430,2015/3/8,43,0,
249,B02598,6213,2015,3,9,Queens,Woodhaven,11421,2015/3/9,47,0.01,Rain
250,B02598,8305,2015,3,10,Manhattan,Penn Station/Madison Sq West,10001,2015/3/10,46,0.46,Rain
251,B02598,7617,2015,3,11,Queens,Old Astoria,11378,2015/3/11,52,0.01,Rain
252,B02598,8831,2015,3,12,Manhattan,Times Sq/Theatre District,10036,2015/3/12,42,0,
253,B02598,8837,2015,3,13,Manhattan,Garment District,10018,2015/3/13,37,0,
254,B02598,9717,2015,3,14,Manhattan,Gramercy,10017,2015/3/14,46,0.81,Rain
255,B02598,7034,2015,3,15,Queens,JFK Airport,11430,2015/3/15,40,0,
256,B02598,5995,2015,3,16,Manhattan,East Village,10009,2015/3/16,44,0,
257,B02598,7020,2015,3,17,Manhattan,Lower East Side,10002,2015/3/17,46,0.02,Rain
258,B02598,8017,2015,3,18,Manhattan,East Village,10009,2015/3/18,34,0,
259,B02598,8724,2015,3,19,Manhattan,Midtown South,10036,2015/3/19,36,0,
260,B02598,10488,2015,3,20,Manhattan,Sutton Place/Turtle Bay North,10022,2015/3/20,34,0.4,Fog-Snow
261,B02598,8419,2015,3,21,Manhattan,Clinton West,10019,2015/3/21,38,T,
262,B02598,7315,2015,3,22,Brooklyn,Park Slope,11215,2015/3/22,36,0,
263,B02598,6609,2015,3,23,Manhattan,Times Sq/Theatre District,10036,2015/3/23,31,0,
264,B02598,7291,2015,3,24,Manhattan,Garment District,10018,2015/3/24,36,0,
265,B02598,8518,2015,3,25,Brooklyn,Fort Greene,11205,2015/3/25,42,0.05,Rain
266,B02598,9224,2015,3,26,Manhattan,Union Sq,10003,2015/3/26,52,0.32,Rain
267,B02598,9088,2015,3,27,Manhattan,Union Sq,10003,2015/3/27,43,0.27,Rain
268,B02598,9308,2015,3,28,Manhattan,SoHo,10013,2015/3/28,33,T,Snow
269,B02598,7787,2015,3,29,Manhattan,Upper East Side North,10075,2015/3/29,36,0,
270,B02598,6672,2015,3,30,Manhattan,Kips Bay,10016,2015/3/30,45,T,Snow
271,B02598,8817,2015,3,31,Manhattan,Murray Hill,10016,2015/3/31,41,0.17,Rain
272,B02598,7942,2015,4,1,Queens,JFK Airport,11430,2015/4/1,42,0,
273,B02598,8610,2015,4,2,Manhattan,Central Park,10019,2015/4/2,54,0,
274,B02598,7742,2015,4,3,Manhattan,Upper East Side South,10075,2015/4/3,62,0.04,Rain
275,B02598,6960,2015,4,4,Queens,JFK Airport,11430,2015/4/4,51,0.01,Rain
276,B02598,5893,2015,4,5,Manhattan,Midtown East,10022,2015/4/5,52,0,
277,B02598,5564,2015,4,6,Manhattan,TriBeCa/Civic Center,11201,2015/4/6,53,0,
278,B02598,7144,2015,4,7,Brooklyn,Williamsburg (North Side),11249,2015/4/7,52,0.15,Rain
279,B02598,8030,2015,4,8,Manhattan,TriBeCa/Civic Center,11201,2015/4/8,41,0,
280,B02598,8374,2015,4,9,Manhattan,Murray Hill,10016,2015/4/9,40,0,
281,B02598,8611,2015,4,10,Manhattan,Union Sq,10003,2015/4/10,48,0.17,Rain
282,B02598,8487,2015,4,11,Queens,Elmhurst/Maspeth,11377,2015/4/11,51,0,
283,B02598,7003,2015,4,12,Brooklyn,Bushwick South,11221,2015/4/12,55,0,
284,B02598,5979,2015,4,13,Manhattan,East Village,10009,2015/4/13,59,0,
285,B02598,6930,2015,4,14,Brooklyn,Williamsburg (South Side),11211,2015/4/14,60,0.01,
286,B02598,7334,2015,4,15,Queens,Corona,11368,2015/4/15,62,0,
287,B02598,9004,2015,4,16,Manhattan,West Chelsea/Hudson Yards,10014,2015/4/16,58,0,
288,B02598,9147,2015,4,17,Brooklyn,Stuyvesant Heights,11221,2015/4/17,63,0.08,Rain
289,B02598,9448,2015,4,18,Manhattan,West Village,10014,2015/4/18,70,0,
290,B02598,8049,2015,4,19,Manhattan,West Village,10014,2015/4/19,56,0,
291,B02598,8521,2015,4,20,Manhattan,Lower East Side,10002,2015/4/20,52,1.37,Fog-Rain
292,B02598,7411,2015,4,21,Manhattan,Meatpacking/West Village West,10013,2015/4/21,59,0.2,Rain
293,B02598,8911,2015,4,22,Manhattan,East Chelsea,10011,2015/4/22,59,0.05,Rain
294,B02598,10415,2015,4,23,Manhattan,West Village,10014,2015/4/23,47,0,
295,B02598,10908,2015,4,24,Brooklyn,Stuyvesant Heights,11221,2015/4/24,46,0,
296,B02598,10819,2015,4,25,Manhattan,East Harlem South,10029,2015/4/25,50,0,
297,B02598,9036,2015,4,26,Queens,Elmhurst,11373,2015/4/26,55,0,
298,B02598,6922,2015,4,27,Manhattan,Upper East Side South,10075,2015/4/27,56,0,
299,B02598,7077,2015,4,28,Manhattan,Lower East Side,10002,2015/4/28,61,0,
300,B02598,8119,2015,4,29,Manhattan,Midtown Center,10176,2015/4/29,64,0,
301,B02598,9098,2015,4,30,Manhattan,Penn Station/Madison Sq West,10001,2015/4/30,58,0,
302,B02598,8930,2015,5,1,Manhattan,East Chelsea,10011,2015/5/1,56,0,
303,B02598,9330,2015,5,2,Brooklyn,Brooklyn Heights,11201,2015/5/2,61,0,
304,B02598,7431,2015,5,3,Queens,JFK Airport,11430,2015/5/3,66,0,
305,B02598,6610,2015,5,4,Manhattan,Midtown East,10022,2015/5/4,71,0,
306,B02598,7581,2015,5,5,Manhattan,Midtown Center,10176,2015/5/5,76,0,
307,B02598,8095,2015,5,6,Manhattan,Clinton East,10019,2015/5/6,66,T,
308,B02598,8736,2015,5,7,Brooklyn,Columbia Street,11231,2015/5/7,68,0,
309,B02598,8751,2015,5,8,Manhattan,Upper West Side North,10024,2015/5/8,69,0,
310,B02598,9014,2015,5,9,Brooklyn,Greenpoint,11222,2015/5/9,64,0,
311,B02598,7504,2015,5,10,Queens,Briarwood/Jamaica Hills,11415,2015/5/10,72,0,
312,B02598,7245,2015,5,11,Manhattan,Union Sq,10003,2015/5/11,77,T,Rain
313,B02598,7926,2015,5,12,Manhattan,Greenwich Village North,10014,2015/5/12,75,0,
314,B02598,8575,2015,5,13,Manhattan,Times Sq/Theatre District,10036,2015/5/13,62,0,
315,B02598,9696,2015,5,14,Manhattan,West Chelsea/Hudson Yards,10014,2015/5/14,62,0,
316,B02598,9603,2015,5,15,Brooklyn,Stuyvesant Heights,11221,2015/5/15,65,0,
317,B02598,11125,2015,5,16,Manhattan,Flatiron,10010,2015/5/16,66,0.3,Rain
318,B02598,8341,2015,5,17,Manhattan,Garment District,10018,2015/5/17,74,0.02,Rain
319,B02598,7375,2015,5,18,Manhattan,Midtown North,10036,2015/5/18,68,0,
320,B02598,8373,2015,5,19,Manhattan,Sutton Place/Turtle Bay North,10022,2015/5/19,70,T,Rain
321,B02598,8823,2015,5,20,Manhattan,Upper West Side North,10024,2015/5/20,61,0,
322,B02598,9259,2015,5,21,Brooklyn,Bushwick South,11221,2015/5/21,57,0,
323,B02598,7465,2015,5,22,Manhattan,Midtown North,10036,2015/5/22,65,0,
324,B02598,6375,2015,5,23,Manhattan,Lincoln Square East,10023,2015/5/23,60,0,
325,B02598,5466,2015,5,24,Manhattan,Lower East Side,10002,2015/5/24,69,0,
326,B02598,4776,2015,5,25,Manhattan,Midtown Center,10176,2015/5/25,75,0,
327,B02598,6500,2015,5,26,Manhattan,Midtown Center,10176,2015/5/26,78,0,
328,B02598,8339,2015,5,27,Manhattan,Times Sq/Theatre District,10036,2015/5/27,78,0.08,Rain
329,B02598,9159,2015,5,28,Manhattan,Flatiron,10010,2015/5/28,78,0,
330,B02598,8935,2015,5,29,Manhattan,Lower East Side,10002,2015/5/29,75,0,
331,B02598,8543,2015,5,30,Queens,Long Island City/Hunters Point,11101,2015/5/30,76,0,
332,B02598,7965,2015,5,31,Brooklyn,Flatbush/Ditmas Park,11226,2015/5/31,72,1.46,Fog-Rain
333,B02598,8767,2015,6,1,Queens,LaGuardia Airport,11371,2015/6/1,55,0.72,Rain
334,B02598,9069,2015,6,2,Manhattan,Lenox Hill East,10065,2015/6/2,53,0.37,Rain
335,B02598,8047,2015,6,3,Brooklyn,Brooklyn Heights,11201,2015/6/3,61,0,
336,B02598,8914,2015,6,4,Queens,LaGuardia Airport,11371,2015/6/4,60,0,
337,B02598,8782,2015,6,5,Manhattan,Seaport,10038,2015/6/5,63,0.13,Rain
338,B02598,8321,2015,6,6,Manhattan,Midtown East,10022,2015/6/6,68,0.19,Rain
339,B02598,7271,2015,6,7,Queens,LaGuardia Airport,11371,2015/6/7,65,0,
340,B02598,6950,2015,6,8,Manhattan,Midtown North,10036,2015/6/8,71,0.06,Rain
341,B02598,7516,2015,6,9,Manhattan,Yorkville East,10028,2015/6/9,76,0.01,Rain
342,B02598,8108,2015,6,10,Manhattan,Midtown Center,10176,2015/6/10,74,0,
343,B02598,9315,2015,6,11,Manhattan,Union Sq,10003,2015/6/11,81,0,
344,B02598,8864,2015,6,12,Manhattan,Chinatown,10013,2015/6/12,81,0,
345,B02598,8376,2015,6,13,Bronx,Van Cortlandt Village,10463,2015/6/13,79,0,
346,B02598,7284,2015,6,14,Manhattan,Times Sq/Theatre District,10036,2015/6/14,77,0.36,Rain
347,B02598,7893,2015,6,15,Brooklyn,Greenpoint,11222,2015/6/15,74,0.57,Rain
348,B02598,7445,2015,6,16,Brooklyn,Cobble Hill,11201,2015/6/16,72,0.27,Rain
349,B02598,8453,2015,6,17,Queens,Ozone Park,11417,2015/6/17,74,T,Rain
350,B02598,9123,2015,6,18,Manhattan,Midtown East,10022,2015/6/18,68,0,
351,B02598,8393,2015,6,19,Manhattan,Clinton East,10019,2015/6/19,78,0,
352,B02598,7792,2015,6,20,Manhattan,Sutton Place/Turtle Bay North,10022,2015/6/20,70,T,Rain
353,B02598,7241,2015,6,21,Brooklyn,Fort Greene,11205,2015/6/21,80,0.64,Rain
354,B02598,6604,2015,6,22,Manhattan,Central Harlem,10035,2015/6/22,79,0,
355,B02598,7962,2015,6,23,Manhattan,Union Sq,10003,2015/6/23,83,0.02,
356,B02598,7864,2015,6,24,Manhattan,Flatiron,10010,2015/6/24,76,0,
357,B02598,8662,2015,6,25,Manhattan,TriBeCa/Civic Center,11201,2015/6/25,74,0,
358,B02598,8183,2015,6,26,Manhattan,Alphabet City,10009,2015/6/26,75,0,
359,B02598,10701,2015,6,27,Queens,LaGuardia Airport,11371,2015/6/27,65,1.12,Rain
360,B02598,7115,2015,6,28,Queens,JFK Airport,11430,2015/6/28,68,0.29,Rain
361,B02598,6163,2015,6,29,Queens,LaGuardia Airport,11371,2015/6/29,70,0,
362,B02598,6695,2015,6,30,Manhattan,East Village,10009,2015/6/30,75,0,
363,B02617,19690,2015,1,1,Brooklyn,Greenpoint,11222,2016/1/1,33,0,
364,B02617,7332,2015,1,2,Manhattan,Lincoln Square East,10023,2015/1/2,39,0,
365,B02617,11001,2015,1,3,Manhattan,Midtown South,10036,2015/1/3,38,0.71,Rain-Snow
366,B02617,8017,2015,1,4,Queens,JFK Airport,11430,2015/1/4,49,0.3,Rain
367,B02617,8075,2015,1,5,Manhattan,Upper West Side North,10024,2015/1/5,35,0,
368,B02617,10383,2015,1,6,Brooklyn,Cobble Hill,11201,2015/1/6,21,0.05,Snow
369,B02617,11794,2015,1,7,Brooklyn,Williamsburg (South Side),11211,2015/1/7,16,0,
370,B02617,13853,2015,1,8,Manhattan,TriBeCa/Civic Center,11201,2015/1/8,15,0,
371,B02617,13532,2015,1,9,Brooklyn,Williamsburg (South Side),11211,2015/1/9,26,0.07,Snow
372,B02617,14242,2015,1,10,Manhattan,Greenwich Village North,10014,2015/1/10,20,0,
373,B02617,11254,2015,1,11,Manhattan,Chinatown,10013,2015/1/11,28,0,
374,B02617,10919,2015,1,12,Manhattan,Upper East Side South,10075,2015/1/12,37,0.36,Rain
375,B02617,12049,2015,1,13,Manhattan,Union Sq,10003,2015/1/13,27,0,
376,B02617,12202,2015,1,14,Manhattan,Upper East Side South,10075,2015/1/14,24,0,
377,B02617,12888,2015,1,15,Manhattan,Times Sq/Theatre District,10036,2015/1/15,30,0,
378,B02617,13283,2015,1,16,Brooklyn,Williamsburg (North Side),11249,2015/1/16,32,0,
379,B02617,13102,2015,1,17,Manhattan,Sutton Place/Turtle Bay North,10022,2015/1/17,25,0,
380,B02617,13301,2015,1,18,Manhattan,Upper East Side South,10075,2015/1/18,37,2.1,Fog-Rain
381,B02617,8015,2015,1,19,Brooklyn,Crown Heights North,11213,2015/1/19,39,0,
382,B02617,10171,2015,1,20,Manhattan,Garment District,10018,2015/1/20,36,0,
383,B02617,11262,2015,1,21,Manhattan,East Chelsea,10011,2015/1/21,31,0,
384,B02617,12414,2015,1,22,Manhattan,Greenwich Village South,10014,2015/1/22,36,0,
385,B02617,13365,2015,1,23,Manhattan,Upper East Side South,10075,2015/1/23,34,0,
386,B02617,14549,2015,1,24,Manhattan,East Chelsea,10011,2015/1/24,36,0.72,Fog-Rain-Snow
387,B02617,10646,2015,1,25,Manhattan,Hudson Sq,10013,2015/1/25,37,0,
388,B02617,7820,2015,1,26,Brooklyn,Park Slope,11215,2015/1/26,27,0.48,Fog-Snow
389,B02617,4425,2015,1,27,Manhattan,East Chelsea,10011,2015/1/27,25,0.36,Fog-Snow
390,B02617,11015,2015,1,28,Brooklyn,Midwood,11230,2015/1/28,25,0,
391,B02617,12841,2015,1,29,Manhattan,East Harlem South,10029,2015/1/29,28,0.02,Snow
392,B02617,15110,2015,1,30,Manhattan,Little Italy/NoLiTa,10012,2015/1/30,29,0.06,Snow
393,B02617,16143,2015,1,31,Manhattan,TriBeCa/Civic Center,11201,2015/1/31,20,0,
394,B02617,13790,2015,2,1,Brooklyn,Clinton Hill,11238,2015/2/1,28,0.03,Snow
395,B02617,12529,2015,2,2,Manhattan,TriBeCa/Civic Center,11201,2015/2/2,24,1.02,Fog-Rain-Snow
396,B02617,12903,2015,2,3,Manhattan,Midtown East,10022,2015/2/3,20,0,
397,B02617,12268,2015,2,4,Manhattan,Clinton East,10019,2015/2/4,34,0,
398,B02617,14824,2015,2,5,Manhattan,Midtown Center,10176,2015/2/5,28,0,
399,B02617,15702,2015,2,6,Manhattan,West Village,10014,2015/2/6,20,0,
400,B02617,13937,2015,2,7,Manhattan,Clinton East,10019,2015/2/7,33,0.02,Snow
401,B02617,11202,2015,2,8,Manhattan,Upper East Side North,10075,2015/2/8,33,0,
402,B02617,11172,2015,2,9,Manhattan,Greenwich Village North,10014,2015/2/9,27,0.09,
403,B02617,11636,2015,2,10,Manhattan,World Trade Center,10006,2015/2/10,33,0.01,Snow
404,B02617,13003,2015,2,11,Manhattan,Clinton West,10019,2015/2/11,28,0,
405,B02617,14547,2015,2,12,Manhattan,Midtown Center,10176,2015/2/12,28,T,Snow
406,B02617,17324,2015,2,13,Manhattan,Midtown North,10036,2015/2/13,15,0,
407,B02617,17362,2015,2,14,Bronx,Schuylerville/Edgewater Park,10465,2015/2/14,24,0.02,Snow
408,B02617,15001,2015,2,15,Queens,JFK Airport,11430,2015/2/15,15,T,Snow
409,B02617,12130,2015,2,16,Manhattan,East Chelsea,10011,2015/2/16,12,0,
410,B02617,12676,2015,2,17,Manhattan,Garment District,10018,2015/2/17,21,0.14,Snow
411,B02617,12204,2015,2,18,Manhattan,Times Sq/Theatre District,10036,2015/2/18,26,T,Snow
412,B02617,15014,2015,2,19,Brooklyn,Park Slope,11215,2015/2/19,18,0,
413,B02617,17158,2015,2,20,Manhattan,TriBeCa/Civic Center,11201,2015/2/20,11,0,
414,B02617,16485,2015,2,21,Manhattan,Central Park,10019,2015/2/21,23,0.61,Fog-Rain-Snow
415,B02617,11051,2015,2,22,Manhattan,East Village,10009,2015/2/22,38,0.1,Rain-Snow
416,B02617,11943,2015,2,23,Manhattan,East Chelsea,10011,2015/2/23,23,0,
417,B02617,13938,2015,2,24,Manhattan,SoHo,10013,2015/2/24,14,0,
418,B02617,13081,2015,2,25,Manhattan,Yorkville East,10028,2015/2/25,29,0,
419,B02617,14749,2015,2,26,Manhattan,West Chelsea/Hudson Yards,10014,2015/2/26,27,0,
420,B02617,14900,2015,2,27,Manhattan,East Chelsea,10011,2015/2/27,24,0,
421,B02617,14238,2015,2,28,Manhattan,Greenwich Village South,10014,2015/2/28,21,0,
422,B02617,11658,2015,3,1,Queens,LaGuardia Airport,11371,2015/3/1,28,0.52,Fog-Snow
423,B02617,9567,2015,3,2,Queens,Long Island City/Hunters Point,11101,2015/3/2,33,0,
424,B02617,12245,2015,3,3,Manhattan,Midtown East,10022,2015/3/3,30,0.67,Rain-Snow
425,B02617,12049,2015,3,4,Queens,LaGuardia Airport,11371,2015/3/4,40,0.25,Rain
426,B02617,12384,2015,3,5,Brooklyn,Williamsburg (North Side),11249,2015/3/5,30,0.76,Fog-Rain-Snow
427,B02617,13492,2015,3,6,Brooklyn,Midwood,11230,2015/3/6,20,0,
428,B02617,12568,2015,3,7,Manhattan,Murray Hill,10016,2015/3/7,28,0,
429,B02617,9854,2015,3,8,Brooklyn,Crown Heights North,11213,2015/3/8,43,0,
430,B02617,8647,2015,3,9,Queens,JFK Airport,11430,2015/3/9,47,0.01,Rain
431,B02617,11663,2015,3,10,Manhattan,Lincoln Square East,10023,2015/3/10,46,0.46,Rain
432,B02617,10611,2015,3,11,Manhattan,SoHo,10013,2015/3/11,52,0.01,Rain
433,B02617,11729,2015,3,12,Queens,JFK Airport,11430,2015/3/12,42,0,
434,B02617,12237,2015,3,13,Manhattan,Lenox Hill West,10065,2015/3/13,37,0,
435,B02617,13845,2015,3,14,Manhattan,Lower East Side,10002,2015/3/14,46,0.81,Rain
436,B02617,9715,2015,3,15,Manhattan,Murray Hill,10016,2015/3/15,40,0,
437,B02617,8690,2015,3,16,Manhattan,Financial District South,10005,2015/3/16,44,0,
438,B02617,9566,2015,3,17,Manhattan,Kips Bay,10016,2015/3/17,46,0.02,Rain
439,B02617,11015,2015,3,18,Manhattan,Hudson Sq,10013,2015/3/18,34,0,
440,B02617,11891,2015,3,19,Manhattan,SoHo,10013,2015/3/19,36,0,
441,B02617,14277,2015,3,20,Manhattan,Times Sq/Theatre District,10036,2015/3/20,34,0.4,Fog-Snow
442,B02617,11733,2015,3,21,Queens,JFK Airport,11430,2015/3/21,38,T,
443,B02617,9843,2015,3,22,Manhattan,Flatiron,10010,2015/3/22,36,0,
444,B02617,9545,2015,3,23,Brooklyn,Kensington,11218,2015/3/23,31,0,
445,B02617,9795,2015,3,24,Manhattan,Times Sq/Theatre District,10036,2015/3/24,36,0,
446,B02617,11152,2015,3,25,Manhattan,Midtown North,10036,2015/3/25,42,0.05,Rain
447,B02617,11961,2015,3,26,Manhattan,Greenwich Village North,10014,2015/3/26,52,0.32,Rain
448,B02617,12111,2015,3,27,Manhattan,Murray Hill,10016,2015/3/27,43,0.27,Rain
449,B02617,12998,2015,3,28,Queens,Steinway,11105,2015/3/28,33,T,Snow
450,B02617,10699,2015,3,29,Brooklyn,Williamsburg (North Side),11249,2015/3/29,36,0,
451,B02617,9232,2015,3,30,Manhattan,Battery Park City,10080,2015/3/30,45,T,Snow
452,B02617,11766,2015,3,31,Manhattan,Penn Station/Madison Sq West,10001,2015/3/31,41,0.17,Rain
453,B02617,10573,2015,4,1,Manhattan,East Chelsea,10011,2015/4/1,42,0,
454,B02617,11247,2015,4,2,Manhattan,Midtown Center,10176,2015/4/2,54,0,
455,B02617,10820,2015,4,3,Manhattan,Hamilton Heights,10031,2015/4/3,62,0.04,Rain
456,B02617,9647,2015,4,4,Manhattan,Clinton East,10019,2015/4/4,51,0.01,Rain
457,B02617,8188,2015,4,5,Queens,JFK Airport,11430,2015/4/5,52,0,
458,B02617,7454,2015,4,6,Manhattan,Times Sq/Theatre District,10036,2015/4/6,53,0,
459,B02617,10001,2015,4,7,Manhattan,Times Sq/Theatre District,10036,2015/4/7,52,0.15,Rain
460,B02617,10447,2015,4,8,Manhattan,Midtown South,10036,2015/4/8,41,0,
461,B02617,11561,2015,4,9,Manhattan,West Village,10014,2015/4/9,40,0,
462,B02617,11576,2015,4,10,Manhattan,Sutton Place/Turtle Bay North,10022,2015/4/10,48,0.17,Rain
463,B02617,11265,2015,4,11,Manhattan,West Village,10014,2015/4/11,51,0,
464,B02617,9663,2015,4,12,Manhattan,West Village,10014,2015/4/12,55,0,
465,B02617,8181,2015,4,13,Queens,Briarwood/Jamaica Hills,11415,2015/4/13,59,0,
466,B02617,9382,2015,4,14,Manhattan,Inwood,10034,2015/4/14,60,0.01,
467,B02617,9945,2015,4,15,Manhattan,Little Italy/NoLiTa,10012,2015/4/15,62,0,
468,B02617,11714,2015,4,16,Manhattan,Flatiron,10010,2015/4/16,58,0,
469,B02617,12042,2015,4,17,Manhattan,Upper East Side North,10075,2015/4/17,63,0.08,Rain
470,B02617,13287,2015,4,18,Manhattan,Lenox Hill East,10065,2015/4/18,70,0,
471,B02617,10840,2015,4,19,Queens,JFK Airport,11430,2015/4/19,56,0,
472,B02617,11481,2015,4,20,Brooklyn,East Williamsburg,11211,2015/4/20,52,1.37,Fog-Rain
473,B02617,10042,2015,4,21,Brooklyn,Bushwick North,11221,2015/4/21,59,0.2,Rain
474,B02617,12168,2015,4,22,Manhattan,West Chelsea/Hudson Yards,10014,2015/4/22,59,0.05,Rain
475,B02617,13628,2015,4,23,Queens,LaGuardia Airport,11371,2015/4/23,47,0,
476,B02617,14332,2015,4,24,Manhattan,Midtown Center,10176,2015/4/24,46,0,
477,B02617,13907,2015,4,25,Manhattan,Lower East Side,10002,2015/4/25,50,0,
478,B02617,12049,2015,4,26,Manhattan,Penn Station/Madison Sq West,10001,2015/4/26,55,0,
479,B02617,9101,2015,4,27,Queens,LaGuardia Airport,11371,2015/4/27,56,0,
480,B02617,9508,2015,4,28,Brooklyn,Williamsburg (South Side),11211,2015/4/28,61,0,
481,B02617,10823,2015,4,29,Manhattan,West Chelsea/Hudson Yards,10014,2015/4/29,64,0,
482,B02617,12058,2015,4,30,Manhattan,Midtown East,10022,2015/4/30,58,0,
483,B02617,11872,2015,5,1,Manhattan,Garment District,10018,2015/5/1,56,0,
484,B02617,12734,2015,5,2,Manhattan,Washington Heights North,10032,2015/5/2,61,0,
485,B02617,9992,2015,5,3,Manhattan,Meatpacking/West Village West,10013,2015/5/3,66,0,
486,B02617,8370,2015,5,4,Manhattan,Penn Station/Madison Sq West,10001,2015/5/4,71,0,
487,B02617,10146,2015,5,5,Manhattan,East Village,10009,2015/5/5,76,0,
488,B02617,10768,2015,5,6,Manhattan,Lincoln Square East,10023,2015/5/6,66,T,
489,B02617,11611,2015,5,7,Manhattan,Murray Hill,10016,2015/5/7,68,0,
490,B02617,11703,2015,5,8,Manhattan,West Chelsea/Hudson Yards,10014,2015/5/8,69,0,
491,B02617,11786,2015,5,9,Manhattan,East Village,10009,2015/5/9,64,0,
492,B02617,9876,2015,5,10,Brooklyn,Brooklyn Heights,11201,2015/5/10,72,0,
493,B02617,8845,2015,5,11,Manhattan,Midtown Center,10176,2015/5/11,77,T,Rain
494,B02617,9866,2015,5,12,Manhattan,Union Sq,10003,2015/5/12,75,0,
495,B02617,11231,2015,5,13,Manhattan,Midtown Center,10176,2015/5/13,62,0,
496,B02617,11902,2015,5,14,Manhattan,Greenwich Village North,10014,2015/5/14,62,0,
497,B02617,12372,2015,5,15,Manhattan,West Chelsea/Hudson Yards,10014,2015/5/15,65,0,
498,B02617,14281,2015,5,16,Brooklyn,East Williamsburg,11211,2015/5/16,66,0.3,Rain
499,B02617,11185,2015,5,17,Manhattan,Greenwich Village North,10014,2015/5/17,74,0.02,Rain
500,B02617,9536,2015,5,18,Manhattan,World Trade Center,10006,2015/5/18,68,0,
501,B02617,11009,2015,5,19,Manhattan,Clinton East,10019,2015/5/19,70,T,Rain
502,B02617,11439,2015,5,20,Manhattan,Times Sq/Theatre District,10036,2015/5/20,61,0,
503,B02617,12079,2015,5,21,Manhattan,Lincoln Square East,10023,2015/5/21,57,0,
504,B02617,9944,2015,5,22,Manhattan,Sutton Place/Turtle Bay North,10022,2015/5/22,65,0,
505,B02617,8743,2015,5,23,Manhattan,Greenwich Village North,10014,2015/5/23,60,0,
506,B02617,7707,2015,5,24,Manhattan,West Village,10014,2015/5/24,69,0,
507,B02617,6386,2015,5,25,Brooklyn,Prospect Heights,11238,2015/5/25,75,0,
508,B02617,8915,2015,5,26,Queens,JFK Airport,11430,2015/5/26,78,0,
509,B02617,11328,2015,5,27,Queens,LaGuardia Airport,11371,2015/5/27,78,0.08,Rain
510,B02617,11625,2015,5,28,Manhattan,Lower East Side,10002,2015/5/28,78,0,
511,B02617,11575,2015,5,29,Brooklyn,Canarsie,11236,2015/5/29,75,0,
512,B02617,11958,2015,5,30,Manhattan,West Village,10014,2015/5/30,76,0,
513,B02617,11099,2015,5,31,Manhattan,TriBeCa/Civic Center,11201,2015/5/31,72,1.46,Fog-Rain
514,B02617,10972,2015,6,1,Brooklyn,Williamsburg (North Side),11249,2015/6/1,55,0.72,Rain
515,B02617,12038,2015,6,2,Brooklyn,Bushwick South,11221,2015/6/2,53,0.37,Rain
516,B02617,10795,2015,6,3,Manhattan,Union Sq,10003,2015/6/3,61,0,
517,B02617,11570,2015,6,4,Manhattan,West Village,10014,2015/6/4,60,0,
518,B02617,11704,2015,6,5,Manhattan,Greenwich Village South,10014,2015/6/5,63,0.13,Rain
519,B02617,10989,2015,6,6,Manhattan,Lower East Side,10002,2015/6/6,68,0.19,Rain
520,B02617,10084,2015,6,7,Brooklyn,Stuyvesant Heights,11221,2015/6/7,65,0,
521,B02617,9095,2015,6,8,Brooklyn,Williamsburg (North Side),11249,2015/6/8,71,0.06,Rain
522,B02617,9936,2015,6,9,Manhattan,Midtown Center,10176,2015/6/9,76,0.01,Rain
523,B02617,10443,2015,6,10,Manhattan,Financial District South,10005,2015/6/10,74,0,
524,B02617,12040,2015,6,11,Brooklyn,Prospect Heights,11238,2015/6/11,81,0,
525,B02617,11573,2015,6,12,Manhattan,Upper West Side South,10024,2015/6/12,81,0,
526,B02617,10823,2015,6,13,Manhattan,Clinton West,10019,2015/6/13,79,0,
527,B02617,10060,2015,6,14,Manhattan,Flatiron,10010,2015/6/14,77,0.36,Rain
528,B02617,9644,2015,6,15,Manhattan,East Chelsea,10011,2015/6/15,74,0.57,Rain
529,B02617,10263,2015,6,16,Manhattan,Upper East Side North,10075,2015/6/16,72,0.27,Rain
530,B02617,11113,2015,6,17,Brooklyn,Williamsburg (North Side),11249,2015/6/17,74,T,Rain
531,B02617,11816,2015,6,18,Manhattan,Clinton East,10019,2015/6/18,68,0,
532,B02617,11198,2015,6,19,Manhattan,Penn Station/Madison Sq West,10001,2015/6/19,78,0,
533,B02617,10653,2015,6,20,Manhattan,Two Bridges/Seward Park,10002,2015/6/20,70,T,Rain
534,B02617,9527,2015,6,21,Brooklyn,East Flatbush/Farragut,11210,2015/6/21,80,0.64,Rain
535,B02617,8505,2015,6,22,Manhattan,Lower East Side,10002,2015/6/22,79,0,
536,B02617,10867,2015,6,23,Manhattan,Meatpacking/West Village West,10013,2015/6/23,83,0.02,
537,B02617,10435,2015,6,24,Manhattan,Meatpacking/West Village West,10013,2015/6/24,76,0,
538,B02617,11426,2015,6,25,Manhattan,Gramercy,10017,2015/6/25,74,0,
539,B02617,10831,2015,6,26,Manhattan,West Chelsea/Hudson Yards,10014,2015/6/26,75,0,
540,B02617,13992,2015,6,27,Brooklyn,Windsor Terrace,11218,2015/6/27,65,1.12,Rain
541,B02617,9824,2015,6,28,Brooklyn,East Williamsburg,11211,2015/6/28,68,0.29,Rain
542,B02617,8180,2015,6,29,Manhattan,Midtown Center,10176,2015/6/29,70,0,
543,B02617,9163,2015,6,30,Manhattan,TriBeCa/Civic Center,11201,2015/6/30,75,0,
544,B02682,15430,2015,1,1,Manhattan,Union Sq,10003,2016/1/1,33,0,
545,B02682,5540,2015,1,2,Manhattan,Union Sq,10003,2015/1/2,39,0,
546,B02682,8090,2015,1,3,Manhattan,Yorkville West,10028,2015/1/3,38,0.71,Rain-Snow
547,B02682,5655,2015,1,4,Brooklyn,Fort Greene,11205,2015/1/4,49,0.3,Rain
548,B02682,6102,2015,1,5,Manhattan,Midtown Center,10176,2015/1/5,35,0,
549,B02682,7609,2015,1,6,Brooklyn,East Williamsburg,11211,2015/1/6,21,0.05,Snow
550,B02682,9225,2015,1,7,Manhattan,Meatpacking/West Village West,10013,2015/1/7,16,0,
551,B02682,10532,2015,1,8,Manhattan,TriBeCa/Civic Center,11201,2015/1/8,15,0,
552,B02682,10622,2015,1,9,Manhattan,Meatpacking/West Village West,10013,2015/1/9,26,0.07,Snow
553,B02682,11786,2015,1,10,Manhattan,Clinton East,10019,2015/1/10,20,0,
554,B02682,8611,2015,1,11,Manhattan,Clinton East,10019,2015/1/11,28,0,
555,B02682,9232,2015,1,12,Manhattan,World Trade Center,10006,2015/1/12,37,0.36,Rain
556,B02682,9775,2015,1,13,Brooklyn,Windsor Terrace,11218,2015/1/13,27,0,
557,B02682,9899,2015,1,14,Manhattan,Meatpacking/West Village West,10013,2015/1/14,24,0,
558,B02682,10484,2015,1,15,Manhattan,Upper West Side South,10024,2015/1/15,30,0,
559,B02682,11385,2015,1,16,Manhattan,Midtown Center,10176,2015/1/16,32,0,
560,B02682,11414,2015,1,17,Brooklyn,Boerum Hill,11217,2015/1/17,25,0,
561,B02682,11303,2015,1,18,Manhattan,Gramercy,10017,2015/1/18,37,2.1,Fog-Rain
562,B02682,7155,2015,1,19,Manhattan,Murray Hill,10016,2015/1/19,39,0,
563,B02682,8647,2015,1,20,Manhattan,Battery Park City,10080,2015/1/20,36,0,
564,B02682,9567,2015,1,21,Brooklyn,Park Slope,11215,2015/1/21,31,0,
565,B02682,10785,2015,1,22,Manhattan,Times Sq/Theatre District,10036,2015/1/22,36,0,
566,B02682,11914,2015,1,23,Brooklyn,Williamsburg (North Side),11249,2015/1/23,34,0,
567,B02682,13539,2015,1,24,Manhattan,Little Italy/NoLiTa,10012,2015/1/24,36,0.72,Fog-Rain-Snow
568,B02682,9455,2015,1,25,Manhattan,Lincoln Square East,10023,2015/1/25,37,0,
569,B02682,7640,2015,1,26,Brooklyn,Downtown Brooklyn/MetroTech,11201,2015/1/26,27,0.48,Fog-Snow
570,B02682,4511,2015,1,27,Manhattan,East Harlem North,10029,2015/1/27,25,0.36,Fog-Snow
571,B02682,10116,2015,1,28,Manhattan,East Chelsea,10011,2015/1/28,25,0,
572,B02682,11619,2015,1,29,Manhattan,Lincoln Square East,10023,2015/1/29,28,0.02,Snow
573,B02682,13959,2015,1,30,Manhattan,Morningside Heights,10027,2015/1/30,29,0.06,Snow
574,B02682,15485,2015,1,31,Queens,South Ozone Park,11420,2015/1/31,20,0,
575,B02682,12533,2015,2,1,Manhattan,Manhattanville,10027,2015/2/1,28,0.03,Snow
576,B02682,12081,2015,2,2,Manhattan,West Village,10014,2015/2/2,24,1.02,Fog-Rain-Snow
577,B02682,12134,2015,2,3,Manhattan,Greenwich Village North,10014,2015/2/3,20,0,
578,B02682,11467,2015,2,4,Manhattan,East Chelsea,10011,2015/2/4,34,0,
579,B02682,13876,2015,2,5,Manhattan,Midtown Center,10176,2015/2/5,28,0,
580,B02682,14525,2015,2,6,Manhattan,SoHo,10013,2015/2/6,20,0,
581,B02682,13600,2015,2,7,Manhattan,Upper East Side South,10075,2015/2/7,33,0.02,Snow
582,B02682,10491,2015,2,8,Brooklyn,Bushwick North,11221,2015/2/8,33,0,
583,B02682,10367,2015,2,9,Manhattan,Little Italy/NoLiTa,10012,2015/2/9,27,0.09,
584,B02682,10730,2015,2,10,Manhattan,East Harlem North,10029,2015/2/10,33,0.01,Snow
585,B02682,12366,2015,2,11,Manhattan,East Chelsea,10011,2015/2/11,28,0,
586,B02682,14031,2015,2,12,Brooklyn,Fort Greene,11205,2015/2/12,28,T,Snow
587,B02682,16225,2015,2,13,Manhattan,Murray Hill,10016,2015/2/13,15,0,
588,B02682,16617,2015,2,14,Manhattan,Morningside Heights,10027,2015/2/14,24,0.02,Snow
589,B02682,14830,2015,2,15,Manhattan,East Chelsea,10011,2015/2/15,15,T,Snow
590,B02682,11431,2015,2,16,Manhattan,Lincoln Square West,10023,2015/2/16,12,0,
591,B02682,11949,2015,2,17,Manhattan,Midtown East,10022,2015/2/17,21,0.14,Snow
592,B02682,11867,2015,2,18,Brooklyn,Bay Ridge,11209,2015/2/18,26,T,Snow
593,B02682,14716,2015,2,19,Queens,JFK Airport,11430,2015/2/19,18,0,
594,B02682,16465,2015,2,20,Manhattan,Sutton Place/Turtle Bay North,10022,2015/2/20,11,0,
595,B02682,16459,2015,2,21,Brooklyn,Williamsburg (North Side),11249,2015/2/21,23,0.61,Fog-Rain-Snow
596,B02682,11066,2015,2,22,Manhattan,Greenwich Village South,10014,2015/2/22,38,0.1,Rain-Snow
597,B02682,11875,2015,2,23,Brooklyn,Fort Greene,11205,2015/2/23,23,0,
598,B02682,12752,2015,2,24,Manhattan,TriBeCa/Civic Center,11201,2015/2/24,14,0,
599,B02682,12851,2015,2,25,Manhattan,Gramercy,10017,2015/2/25,29,0,
600,B02682,13962,2015,2,26,Manhattan,TriBeCa/Civic Center,11201,2015/2/26,27,0,
601,B02682,15174,2015,2,27,Queens,Old Astoria,11378,2015/2/27,24,0,
602,B02682,14654,2015,2,28,Queens,Long Island City/Hunters Point,11101,2015/2/28,21,0,
603,B02682,11983,2015,3,1,Manhattan,UN/Turtle Bay South,10017,2015/3/1,28,0.52,Fog-Snow
604,B02682,9800,2015,3,2,Brooklyn,Bushwick North,11221,2015/3/2,33,0,
605,B02682,13083,2015,3,3,Manhattan,Midtown East,10022,2015/3/3,30,0.67,Rain-Snow
606,B02682,12771,2015,3,4,Manhattan,Manhattan Valley,10025,2015/3/4,40,0.25,Rain
607,B02682,13855,2015,3,5,Manhattan,Garment District,10018,2015/3/5,30,0.76,Fog-Rain-Snow
608,B02682,14687,2015,3,6,Manhattan,West Village,10014,2015/3/6,20,0,
609,B02682,14716,2015,3,7,Brooklyn,Gowanus,11215,2015/3/7,28,0,
610,B02682,11087,2015,3,8,Brooklyn,Borough Park,11219,2015/3/8,43,0,
611,B02682,9736,2015,3,9,Brooklyn,Flatlands,11234,2015/3/9,47,0.01,Rain
612,B02682,12973,2015,3,10,Brooklyn,Fort Greene,11205,2015/3/10,46,0.46,Rain
613,B02682,11939,2015,3,11,Manhattan,Washington Heights South,10032,2015/3/11,52,0.01,Rain
614,B02682,13738,2015,3,12,Manhattan,Lower East Side,10002,2015/3/12,42,0,
615,B02682,14703,2015,3,13,Manhattan,West Village,10014,2015/3/13,37,0,
616,B02682,17155,2015,3,14,Manhattan,East Village,10009,2015/3/14,46,0.81,Rain
617,B02682,11721,2015,3,15,Manhattan,Financial District North,10005,2015/3/15,40,0,
618,B02682,10198,2015,3,16,Manhattan,Greenwich Village North,10014,2015/3/16,44,0,
619,B02682,11999,2015,3,17,Manhattan,Midtown South,10036,2015/3/17,46,0.02,Rain
620,B02682,13567,2015,3,18,Brooklyn,Gravesend,11223,2015/3/18,34,0,
621,B02682,14890,2015,3,19,Manhattan,Sutton Place/Turtle Bay North,10022,2015/3/19,36,0,
622,B02682,18879,2015,3,20,Brooklyn,Williamsburg (North Side),11249,2015/3/20,34,0.4,Fog-Snow
623,B02682,16346,2015,3,21,Bronx,Hunts Point,10474,2015/3/21,38,T,
624,B02682,13599,2015,3,22,Manhattan,Lower East Side,10002,2015/3/22,36,0,
625,B02682,11770,2015,3,23,Queens,JFK Airport,11430,2015/3/23,31,0,
626,B02682,12463,2015,3,24,Manhattan,Clinton East,10019,2015/3/24,36,0,
627,B02682,14818,2015,3,25,Manhattan,Greenwich Village South,10014,2015/3/25,42,0.05,Rain
628,B02682,15634,2015,3,26,Manhattan,Union Sq,10003,2015/3/26,52,0.32,Rain
629,B02682,17673,2015,3,27,Manhattan,Alphabet City,10009,2015/3/27,43,0.27,Rain
630,B02682,19512,2015,3,28,Manhattan,West Village,10014,2015/3/28,33,T,Snow
631,B02682,15528,2015,3,29,Queens,Sunnyside,11104,2015/3/29,36,0,
632,B02682,13040,2015,3,30,Manhattan,Lincoln Square East,10023,2015/3/30,45,T,Snow
633,B02682,16257,2015,3,31,Manhattan,Midtown Center,10176,2015/3/31,41,0.17,Rain
634,B02682,14991,2015,4,1,Manhattan,East Village,10009,2015/4/1,42,0,
635,B02682,16065,2015,4,2,Brooklyn,Bushwick North,11221,2015/4/2,54,0,
636,B02682,16942,2015,4,3,Manhattan,Chinatown,10013,2015/4/3,62,0.04,Rain
637,B02682,15752,2015,4,4,Manhattan,Murray Hill,10016,2015/4/4,51,0.01,Rain
638,B02682,13022,2015,4,5,Manhattan,Lenox Hill West,10065,2015/4/5,52,0,
639,B02682,12277,2015,4,6,Manhattan,Kips Bay,10016,2015/4/6,53,0,
640,B02682,15027,2015,4,7,Queens,Jackson Heights,11372,2015/4/7,52,0.15,Rain
641,B02682,16125,2015,4,8,Brooklyn,Williamsburg (North Side),11249,2015/4/8,41,0,
642,B02682,17725,2015,4,9,Manhattan,UN/Turtle Bay South,10017,2015/4/9,40,0,
643,B02682,18658,2015,4,10,Manhattan,West Village,10014,2015/4/10,48,0.17,Rain
644,B02682,19759,2015,4,11,Brooklyn,Downtown Brooklyn/MetroTech,11201,2015/4/11,51,0,
645,B02682,15524,2015,4,12,Brooklyn,Fort Greene,11205,2015/4/12,55,0,
646,B02682,13281,2015,4,13,Manhattan,Greenwich Village North,10014,2015/4/13,59,0,
647,B02682,14875,2015,4,14,Manhattan,Union Sq,10003,2015/4/14,60,0.01,
648,B02682,15581,2015,4,15,Manhattan,Greenwich Village South,10014,2015/4/15,62,0,
649,B02682,18442,2015,4,16,Manhattan,Hudson Sq,10013,2015/4/16,58,0,
650,B02682,20305,2015,4,17,Manhattan,Murray Hill,10016,2015/4/17,63,0.08,Rain
651,B02682,23304,2015,4,18,Manhattan,West Village,10014,2015/4/18,70,0,
652,B02682,18860,2015,4,19,Brooklyn,Boerum Hill,11217,2015/4/19,56,0,
653,B02682,19270,2015,4,20,Manhattan,Central Park,10019,2015/4/20,52,1.37,Fog-Rain
654,B02682,16673,2015,4,21,Manhattan,Murray Hill,10016,2015/4/21,59,0.2,Rain
655,B02682,20189,2015,4,22,Manhattan,Upper East Side South,10075,2015/4/22,59,0.05,Rain
656,B02682,22601,2015,4,23,Manhattan,West Village,10014,2015/4/23,47,0,
657,B02682,24790,2015,4,24,Manhattan,Midtown North,10036,2015/4/24,46,0,
658,B02682,27090,2015,4,25,Brooklyn,Fort Greene,11205,2015/4/25,50,0,
659,B02682,21777,2015,4,26,Brooklyn,Park Slope,11215,2015/4/26,55,0,
660,B02682,16436,2015,4,27,Queens,LaGuardia Airport,11371,2015/4/27,56,0,
661,B02682,17644,2015,4,28,Brooklyn,Bedford,11216,2015/4/28,61,0,
662,B02682,19642,2015,4,29,Manhattan,Lenox Hill West,10065,2015/4/29,64,0,
663,B02682,21686,2015,4,30,Manhattan,Central Harlem,10035,2015/4/30,58,0,
664,B02682,26039,2015,5,1,Queens,Bayside,11361,2015/5/1,56,0,
665,B02682,30380,2015,5,2,Manhattan,East Village,10009,2015/5/2,61,0,
666,B02682,22803,2015,5,3,Queens,LaGuardia Airport,11371,2015/5/3,66,0,
667,B02682,18624,2015,5,4,Manhattan,Clinton East,10019,2015/5/4,71,0,
668,B02682,21527,2015,5,5,Manhattan,TriBeCa/Civic Center,11201,2015/5/5,76,0,
669,B02682,23270,2015,5,6,Brooklyn,Crown Heights North,11213,2015/5/6,66,T,
670,B02682,25745,2015,5,7,Manhattan,Meatpacking/West Village West,10013,2015/5/7,68,0,
671,B02682,26542,2015,5,8,Manhattan,Little Italy/NoLiTa,10012,2015/5/8,69,0,
672,B02682,30128,2015,5,9,Brooklyn,Greenpoint,11222,2015/5/9,64,0,
673,B02682,24208,2015,5,10,Manhattan,East Village,10009,2015/5/10,72,0,
674,B02682,21045,2015,5,11,Manhattan,Financial District South,10005,2015/5/11,77,T,Rain
675,B02682,23548,2015,5,12,Queens,Ridgewood,11385,2015/5/12,75,0,
676,B02682,25426,2015,5,13,Manhattan,Sutton Place/Turtle Bay North,10022,2015/5/13,62,0,
677,B02682,28502,2015,5,14,Manhattan,Clinton East,10019,2015/5/14,62,0,
678,B02682,30978,2015,5,15,Manhattan,Clinton East,10019,2015/5/15,65,0,
679,B02682,38170,2015,5,16,Manhattan,Upper East Side North,10075,2015/5/16,66,0.3,Rain
680,B02682,29798,2015,5,17,Manhattan,Yorkville West,10028,2015/5/17,74,0.02,Rain
681,B02682,23824,2015,5,18,Manhattan,Midtown Center,10176,2015/5/18,68,0,
682,B02682,26549,2015,5,19,Brooklyn,Sunset Park West,11220,2015/5/19,70,T,Rain
683,B02682,28707,2015,5,20,Manhattan,Lower East Side,10002,2015/5/20,61,0,
684,B02682,29895,2015,5,21,Manhattan,Upper East Side North,10075,2015/5/21,57,0,
685,B02682,28408,2015,5,22,Manhattan,Two Bridges/Seward Park,10002,2015/5/22,65,0,
686,B02682,26942,2015,5,23,Manhattan,Midtown East,10022,2015/5/23,60,0,
687,B02682,23002,2015,5,24,Manhattan,Greenwich Village North,10014,2015/5/24,69,0,
688,B02682,20745,2015,5,25,Manhattan,Penn Station/Madison Sq West,10001,2015/5/25,75,0,
689,B02682,23714,2015,5,26,Manhattan,Clinton East,10019,2015/5/26,78,0,
690,B02682,28857,2015,5,27,Brooklyn,Williamsburg (South Side),11211,2015/5/27,78,0.08,Rain
691,B02682,31259,2015,5,28,Manhattan,Midtown Center,10176,2015/5/28,78,0,
692,B02682,33179,2015,5,29,Manhattan,Upper East Side South,10075,2015/5/29,75,0,
693,B02682,35822,2015,5,30,Bronx,Morrisania/Melrose,10451,2015/5/30,76,0,
694,B02682,32840,2015,5,31,Manhattan,Midtown South,10036,2015/5/31,72,1.46,Fog-Rain
695,B02682,30983,2015,6,1,Manhattan,Midtown South,10036,2015/6/1,55,0.72,Rain
696,B02682,32679,2015,6,2,Manhattan,Midtown South,10036,2015/6/2,53,0.37,Rain
697,B02682,29385,2015,6,3,Manhattan,Greenwich Village South,10014,2015/6/3,61,0,
698,B02682,31917,2015,6,4,Brooklyn,Flatlands,11234,2015/6/4,60,0,
699,B02682,35173,2015,6,5,Manhattan,Lower East Side,10002,2015/6/5,63,0.13,Rain
700,B02682,36512,2015,6,6,Manhattan,East Harlem North,10029,2015/6/6,68,0.19,Rain
701,B02682,30810,2015,6,7,Manhattan,Lincoln Square East,10023,2015/6/7,65,0,
702,B02682,26671,2015,6,8,Manhattan,Lincoln Square East,10023,2015/6/8,71,0.06,Rain
703,B02682,28113,2015,6,9,Brooklyn,East Williamsburg,11211,2015/6/9,76,0.01,Rain
704,B02682,30392,2015,6,10,Manhattan,Midtown South,10036,2015/6/10,74,0,
705,B02682,35865,2015,6,11,Manhattan,Central Harlem,10035,2015/6/11,81,0,
706,B02682,36735,2015,6,12,Queens,Jackson Heights,11372,2015/6/12,81,0,
707,B02682,37210,2015,6,13,Manhattan,Greenwich Village South,10014,2015/6/13,79,0,
708,B02682,32537,2015,6,14,Manhattan,TriBeCa/Civic Center,11201,2015/6/14,77,0.36,Rain
709,B02682,30228,2015,6,15,Queens,LaGuardia Airport,11371,2015/6/15,74,0.57,Rain
710,B02682,31654,2015,6,16,Manhattan,Flatiron,10010,2015/6/16,72,0.27,Rain
711,B02682,32962,2015,6,17,Manhattan,Lenox Hill West,10065,2015/6/17,74,T,Rain
712,B02682,35315,2015,6,18,Manhattan,Lenox Hill East,10065,2015/6/18,68,0,
713,B02682,36978,2015,6,19,Bronx,East Concourse/Concourse Village,10451,2015/6/19,78,0,
714,B02682,38040,2015,6,20,Brooklyn,Flatbush/Ditmas Park,11226,2015/6/20,70,T,Rain
715,B02682,32457,2015,6,21,Manhattan,Upper West Side South,10024,2015/6/21,80,0.64,Rain
716,B02682,27302,2015,6,22,Brooklyn,DUMBO/Vinegar Hill,11201,2015/6/22,79,0,
717,B02682,33647,2015,6,23,Manhattan,East Chelsea,10011,2015/6/23,83,0.02,
718,B02682,33231,2015,6,24,Queens,LaGuardia Airport,11371,2015/6/24,76,0,
719,B02682,36047,2015,6,25,Manhattan,Gramercy,10017,2015/6/25,74,0,
720,B02682,36307,2015,6,26,Queens,Long Island City/Hunters Point,11101,2015/6/26,75,0,
721,B02682,49929,2015,6,27,Manhattan,Lenox Hill West,10065,2015/6/27,65,1.12,Rain
722,B02682,33562,2015,6,28,Queens,JFK Airport,11430,2015/6/28,68,0.29,Rain
723,B02682,27028,2015,6,29,Bronx,Allerton/Pelham Gardens,10461,2015/6/29,70,0,
724,B02682,29487,2015,6,30,Brooklyn,Bedford,11216,2015/6/30,75,0,
725,B02764,60694,2015,1,1,Brooklyn,East Williamsburg,11211,2016/1/1,33,0,
726,B02764,20617,2015,1,2,Manhattan,Union Sq,10003,2015/1/2,39,0,
727,B02764,30598,2015,1,3,Manhattan,Two Bridges/Seward Park,10002,2015/1/3,38,0.71,Rain-Snow
728,B02764,21110,2015,1,4,Manhattan,Flatiron,10010,2015/1/4,49,0.3,Rain
729,B02764,21506,2015,1,5,Manhattan,Lincoln Square East,10023,2015/1/5,35,0,
730,B02764,25974,2015,1,6,Manhattan,Midtown Center,10176,2015/1/6,21,0.05,Snow
731,B02764,30748,2015,1,7,Manhattan,Gramercy,10017,2015/1/7,16,0,
732,B02764,34615,2015,1,8,Manhattan,Greenwich Village North,10014,2015/1/8,15,0,
733,B02764,34577,2015,1,9,Manhattan,Manhattanville,10027,2015/1/9,26,0.07,Snow
734,B02764,40187,2015,1,10,Manhattan,Times Sq/Theatre District,10036,2015/1/10,20,0,
735,B02764,28581,2015,1,11,Manhattan,Midtown North,10036,2015/1/11,28,0,
736,B02764,27665,2015,1,12,Queens,Rosedale,11422,2015/1/12,37,0.36,Rain
737,B02764,30788,2015,1,13,Manhattan,Sutton Place/Turtle Bay North,10022,2015/1/13,27,0,
738,B02764,30473,2015,1,14,Manhattan,Midtown South,10036,2015/1/14,24,0,
739,B02764,32136,2015,1,15,Queens,JFK Airport,11430,2015/1/15,30,0,
740,B02764,35910,2015,1,16,Manhattan,Yorkville East,10028,2015/1/16,32,0,
741,B02764,37689,2015,1,17,Brooklyn,East Williamsburg,11211,2015/1/17,25,0,
742,B02764,36356,2015,1,18,Manhattan,Clinton West,10019,2015/1/18,37,2.1,Fog-Rain
743,B02764,23581,2015,1,19,Brooklyn,Clinton Hill,11238,2015/1/19,39,0,
744,B02764,26829,2015,1,20,Queens,LaGuardia Airport,11371,2015/1/20,36,0,
745,B02764,28175,2015,1,21,Manhattan,UN/Turtle Bay South,10017,2015/1/21,31,0,
746,B02764,30919,2015,1,22,Manhattan,Lenox Hill East,10065,2015/1/22,36,0,
747,B02764,34745,2015,1,23,Manhattan,Union Sq,10003,2015/1/23,34,0,
748,B02764,40325,2015,1,24,Manhattan,Upper West Side South,10024,2015/1/24,36,0.72,Fog-Rain-Snow
749,B02764,28980,2015,1,25,Queens,Flushing,11354,2015/1/25,37,0,
750,B02764,20553,2015,1,26,Brooklyn,Park Slope,11215,2015/1/26,27,0.48,Fog-Snow
751,B02764,12455,2015,1,27,Brooklyn,Brooklyn Navy Yard,11205,2015/1/27,25,0.36,Fog-Snow
752,B02764,29084,2015,1,28,Manhattan,Lenox Hill West,10065,2015/1/28,25,0,
753,B02764,32673,2015,1,29,Manhattan,Flatiron,10010,2015/1/29,28,0.02,Snow
754,B02764,40445,2015,1,30,Manhattan,Stuy Town/Peter Cooper Village,10009,2015/1/30,29,0.06,Snow
755,B02764,45866,2015,1,31,Manhattan,Upper East Side South,10075,2015/1/31,20,0,
756,B02764,38656,2015,2,1,Manhattan,East Village,10009,2015/2/1,28,0.03,Snow
757,B02764,31691,2015,2,2,Brooklyn,Stuyvesant Heights,11221,2015/2/2,24,1.02,Fog-Rain-Snow
758,B02764,32542,2015,2,3,Manhattan,TriBeCa/Civic Center,11201,2015/2/3,20,0,
759,B02764,30974,2015,2,4,Brooklyn,Flatlands,11234,2015/2/4,34,0,
760,B02764,36995,2015,2,5,Manhattan,SoHo,10013,2015/2/5,28,0,
761,B02764,39846,2015,2,6,Manhattan,Garment District,10018,2015/2/6,20,0,
762,B02764,39699,2015,2,7,Manhattan,Little Italy/NoLiTa,10012,2015/2/7,33,0.02,Snow
763,B02764,30596,2015,2,8,Queens,Woodside,11377,2015/2/8,33,0,
764,B02764,29172,2015,2,9,Brooklyn,Canarsie,11236,2015/2/9,27,0.09,
765,B02764,30079,2015,2,10,Manhattan,Times Sq/Theatre District,10036,2015/2/10,33,0.01,Snow
766,B02764,32730,2015,2,11,Manhattan,Greenwich Village North,10014,2015/2/11,28,0,
767,B02764,37781,2015,2,12,Manhattan,Midtown Center,10176,2015/2/12,28,T,Snow
768,B02764,44958,2015,2,13,Manhattan,Upper East Side North,10075,2015/2/13,15,0,
769,B02764,47259,2015,2,14,Manhattan,West Chelsea/Hudson Yards,10014,2015/2/14,24,0.02,Snow
770,B02764,42487,2015,2,15,Manhattan,Lenox Hill East,10065,2015/2/15,15,T,Snow
771,B02764,34540,2015,2,16,Manhattan,Union Sq,10003,2015/2/16,12,0,
772,B02764,33387,2015,2,17,Queens,JFK Airport,11430,2015/2/17,21,0.14,Snow
773,B02764,33222,2015,2,18,Manhattan,Union Sq,10003,2015/2/18,26,T,Snow
774,B02764,40229,2015,2,19,Manhattan,Midtown Center,10176,2015/2/19,18,0,
775,B02764,46018,2015,2,20,Manhattan,Upper West Side South,10024,2015/2/20,11,0,
776,B02764,45499,2015,2,21,Manhattan,West Village,10014,2015/2/21,23,0.61,Fog-Rain-Snow
777,B02764,31005,2015,2,22,Brooklyn,Downtown Brooklyn/MetroTech,11201,2015/2/22,38,0.1,Rain-Snow
778,B02764,32010,2015,2,23,Queens,Astoria,11102,2015/2/23,23,0,
779,B02764,35692,2015,2,24,Manhattan,Upper West Side South,10024,2015/2/24,14,0,
780,B02764,32780,2015,2,25,Manhattan,World Trade Center,10006,2015/2/25,29,0,
781,B02764,36931,2015,2,26,Manhattan,Lower East Side,10002,2015/2/26,27,0,
782,B02764,39703,2015,2,27,Manhattan,TriBeCa/Civic Center,11201,2015/2/27,24,0,
783,B02764,40849,2015,2,28,Manhattan,Battery Park City,10080,2015/2/28,21,0,
784,B02764,31783,2015,3,1,Queens,JFK Airport,11430,2015/3/1,28,0.52,Fog-Snow
785,B02764,24519,2015,3,2,Manhattan,Financial District North,10005,2015/3/2,33,0,
786,B02764,31937,2015,3,3,Manhattan,TriBeCa/Civic Center,11201,2015/3/3,30,0.67,Rain-Snow
787,B02764,30607,2015,3,4,Manhattan,East Chelsea,10011,2015/3/4,40,0.25,Rain
788,B02764,33113,2015,3,5,Brooklyn,Bushwick North,11221,2015/3/5,30,0.76,Fog-Rain-Snow
789,B02764,35454,2015,3,6,Brooklyn,Bushwick North,11221,2015/3/6,20,0,
790,B02764,35934,2015,3,7,Manhattan,Midtown South,10036,2015/3/7,28,0,
791,B02764,27364,2015,3,8,Manhattan,Clinton West,10019,2015/3/8,43,0,
792,B02764,22761,2015,3,9,Manhattan,Hamilton Heights,10031,2015/3/9,47,0.01,Rain
793,B02764,30384,2015,3,10,Brooklyn,Clinton Hill,11238,2015/3/10,46,0.46,Rain
794,B02764,27364,2015,3,11,Manhattan,Garment District,10018,2015/3/11,52,0.01,Rain
795,B02764,31188,2015,3,12,Brooklyn,Homecrest,11229,2015/3/12,42,0,
796,B02764,33756,2015,3,13,Manhattan,East Village,10009,2015/3/13,37,0,
797,B02764,39040,2015,3,14,Manhattan,Gramercy,10017,2015/3/14,46,0.81,Rain
798,B02764,27513,2015,3,15,Brooklyn,Crown Heights South,11213,2015/3/15,40,0,
799,B02764,23077,2015,3,16,Manhattan,Garment District,10018,2015/3/16,44,0,
800,B02764,26846,2015,3,17,Manhattan,East Chelsea,10011,2015/3/17,46,0.02,Rain
801,B02764,29614,2015,3,18,Manhattan,Stuy Town/Peter Cooper Village,10009,2015/3/18,34,0,
802,B02764,31437,2015,3,19,Manhattan,Times Sq/Theatre District,10036,2015/3/19,36,0,
803,B02764,40040,2015,3,20,Manhattan,Union Sq,10003,2015/3/20,34,0.4,Fog-Snow
804,B02764,34352,2015,3,21,Manhattan,Washington Heights North,10032,2015/3/21,38,T,
805,B02764,30318,2015,3,22,Queens,LaGuardia Airport,11371,2015/3/22,36,0,
806,B02764,25033,2015,3,23,Manhattan,Midtown East,10022,2015/3/23,31,0,
807,B02764,27155,2015,3,24,Manhattan,Two Bridges/Seward Park,10002,2015/3/24,36,0,
808,B02764,30528,2015,3,25,Manhattan,Murray Hill,10016,2015/3/25,42,0.05,Rain
809,B02764,32309,2015,3,26,Manhattan,TriBeCa/Civic Center,11201,2015/3/26,52,0.32,Rain
810,B02764,35834,2015,3,27,Manhattan,West Village,10014,2015/3/27,43,0.27,Rain
811,B02764,39464,2015,3,28,Manhattan,Clinton East,10019,2015/3/28,33,T,Snow
812,B02764,32403,2015,3,29,Queens,Woodside,11377,2015/3/29,36,0,
813,B02764,26030,2015,3,30,Manhattan,Midtown Center,10176,2015/3/30,45,T,Snow
814,B02764,32611,2015,3,31,Manhattan,Midtown East,10022,2015/3/31,41,0.17,Rain
815,B02764,28273,2015,4,1,Manhattan,Union Sq,10003,2015/4/1,42,0,
816,B02764,30064,2015,4,2,Manhattan,Midtown Center,10176,2015/4/2,54,0,
817,B02764,32076,2015,4,3,Manhattan,East Chelsea,10011,2015/4/3,62,0.04,Rain
818,B02764,29081,2015,4,4,Manhattan,East Harlem South,10029,2015/4/4,51,0.01,Rain
819,B02764,24542,2015,4,5,Manhattan,Murray Hill,10016,2015/4/5,52,0,
820,B02764,22038,2015,4,6,Manhattan,Meatpacking/West Village West,10013,2015/4/6,53,0,
821,B02764,28295,2015,4,7,Manhattan,Yorkville East,10028,2015/4/7,52,0.15,Rain
822,B02764,29273,2015,4,8,Manhattan,Union Sq,10003,2015/4/8,41,0,
823,B02764,31522,2015,4,9,Manhattan,UN/Turtle Bay South,10017,2015/4/9,40,0,
824,B02764,33486,2015,4,10,Manhattan,West Chelsea/Hudson Yards,10014,2015/4/10,48,0.17,Rain
825,B02764,33763,2015,4,11,Manhattan,Central Park,10019,2015/4/11,51,0,
826,B02764,28310,2015,4,12,Manhattan,Yorkville West,10028,2015/4/12,55,0,
827,B02764,22810,2015,4,13,Manhattan,East Village,10009,2015/4/13,59,0,
828,B02764,25332,2015,4,14,Manhattan,Washington Heights North,10032,2015/4/14,60,0.01,
829,B02764,26650,2015,4,15,Manhattan,East Village,10009,2015/4/15,62,0,
830,B02764,31129,2015,4,16,Manhattan,Manhattan Valley,10025,2015/4/16,58,0,
831,B02764,33198,2015,4,17,Manhattan,Greenwich Village South,10014,2015/4/17,63,0.08,Rain
832,B02764,38314,2015,4,18,Brooklyn,Crown Heights North,11213,2015/4/18,70,0,
833,B02764,32263,2015,4,19,Manhattan,East Chelsea,10011,2015/4/19,56,0,
834,B02764,30662,2015,4,20,Manhattan,Murray Hill,10016,2015/4/20,52,1.37,Fog-Rain
835,B02764,27421,2015,4,21,Manhattan,West Village,10014,2015/4/21,59,0.2,Rain
836,B02764,32010,2015,4,22,Manhattan,TriBeCa/Civic Center,11201,2015/4/22,59,0.05,Rain
837,B02764,35899,2015,4,23,Manhattan,Clinton East,10019,2015/4/23,47,0,
838,B02764,39026,2015,4,24,Manhattan,Union Sq,10003,2015/4/24,46,0,
839,B02764,43169,2015,4,25,Manhattan,Meatpacking/West Village West,10013,2015/4/25,50,0,
840,B02764,36443,2015,4,26,Manhattan,Midtown South,10036,2015/4/26,55,0,
841,B02764,25395,2015,4,27,Manhattan,Financial District North,10005,2015/4/27,56,0,
842,B02764,27115,2015,4,28,Manhattan,Murray Hill,10016,2015/4/28,61,0,
843,B02764,29325,2015,4,29,Manhattan,East Chelsea,10011,2015/4/29,64,0,
844,B02764,32672,2015,4,30,Manhattan,Two Bridges/Seward Park,10002,2015/4/30,58,0,
845,B02764,34478,2015,5,1,Brooklyn,Carroll Gardens,11231,2015/5/1,56,0,
846,B02764,40140,2015,5,2,Brooklyn,Brooklyn Heights,11201,2015/5/2,61,0,
847,B02764,30941,2015,5,3,Manhattan,West Chelsea/Hudson Yards,10014,2015/5/3,66,0,
848,B02764,24155,2015,5,4,Brooklyn,Greenpoint,11222,2015/5/4,71,0,
849,B02764,27934,2015,5,5,Queens,JFK Airport,11430,2015/5/5,76,0,
850,B02764,29134,2015,5,6,Brooklyn,Ocean Hill,11230,2015/5/6,66,T,
851,B02764,31437,2015,5,7,Manhattan,Greenwich Village North,10014,2015/5/7,68,0,
852,B02764,32980,2015,5,8,Manhattan,West Chelsea/Hudson Yards,10014,2015/5/8,69,0,
853,B02764,36157,2015,5,9,Queens,Kew Gardens Hills,11367,2015/5/9,64,0,
854,B02764,29612,2015,5,10,Manhattan,East Village,10009,2015/5/10,72,0,
855,B02764,25004,2015,5,11,Brooklyn,Borough Park,11219,2015/5/11,77,T,Rain
856,B02764,28203,2015,5,12,Manhattan,Union Sq,10003,2015/5/12,75,0,
857,B02764,30024,2015,5,13,Manhattan,West Village,10014,2015/5/13,62,0,
858,B02764,33373,2015,5,14,Manhattan,Lower East Side,10002,2015/5/14,62,0,
859,B02764,35824,2015,5,15,Manhattan,Kips Bay,10016,2015/5/15,65,0,
860,B02764,44338,2015,5,16,Manhattan,Flatiron,10010,2015/5/16,66,0.3,Rain
861,B02764,34394,2015,5,17,Manhattan,Upper East Side South,10075,2015/5/17,74,0.02,Rain
862,B02764,27165,2015,5,18,Manhattan,Clinton East,10019,2015/5/18,68,0,
863,B02764,30286,2015,5,19,Manhattan,Greenwich Village South,10014,2015/5/19,70,T,Rain
864,B02764,32211,2015,5,20,Brooklyn,Greenpoint,11222,2015/5/20,61,0,
865,B02764,33646,2015,5,21,Manhattan,TriBeCa/Civic Center,11201,2015/5/21,57,0,
866,B02764,30753,2015,5,22,Manhattan,Upper East Side North,10075,2015/5/22,65,0,
867,B02764,27597,2015,5,23,Manhattan,West Village,10014,2015/5/23,60,0,
868,B02764,24420,2015,5,24,Manhattan,West Village,10014,2015/5/24,69,0,
869,B02764,21159,2015,5,25,Bronx,East Concourse/Concourse Village,10451,2015/5/25,75,0,
870,B02764,25809,2015,5,26,Manhattan,Midtown Center,10176,2015/5/26,78,0,
871,B02764,30445,2015,5,27,Manhattan,Washington Heights North,10032,2015/5/27,78,0.08,Rain
872,B02764,32603,2015,5,28,Manhattan,Murray Hill,10016,2015/5/28,78,0,
873,B02764,33577,2015,5,29,Manhattan,TriBeCa/Civic Center,11201,2015/5/29,75,0,
874,B02764,36753,2015,5,30,Manhattan,West Village,10014,2015/5/30,76,0,
875,B02764,34178,2015,5,31,Unknown,Unknown,N/A,2015/5/31,72,1.46,Fog-Rain
876,B02764,32210,2015,6,1,Manhattan,TriBeCa/Civic Center,11201,2015/6/1,55,0.72,Rain
877,B02764,33107,2015,6,2,Brooklyn,Downtown Brooklyn/MetroTech,11201,2015/6/2,53,0.37,Rain
878,B02764,29417,2015,6,3,Manhattan,Lenox Hill East,10065,2015/6/3,61,0,
879,B02764,32305,2015,6,4,Manhattan,Hudson Sq,10013,2015/6/4,60,0,
880,B02764,34724,2015,6,5,Manhattan,Yorkville West,10028,2015/6/5,63,0.13,Rain
881,B02764,34844,2015,6,6,Manhattan,Midtown Center,10176,2015/6/6,68,0.19,Rain
882,B02764,30956,2015,6,7,Manhattan,East Harlem North,10029,2015/6/7,65,0,
883,B02764,25793,2015,6,8,Manhattan,Washington Heights North,10032,2015/6/8,71,0.06,Rain
884,B02764,27533,2015,6,9,Manhattan,Little Italy/NoLiTa,10012,2015/6/9,76,0.01,Rain
885,B02764,28936,2015,6,10,Manhattan,Alphabet City,10009,2015/6/10,74,0,
886,B02764,33617,2015,6,11,Manhattan,Clinton East,10019,2015/6/11,81,0,
887,B02764,34346,2015,6,12,Bronx,Pelham Parkway,10462,2015/6/12,81,0,
888,B02764,33615,2015,6,13,Manhattan,UN/Turtle Bay South,10017,2015/6/13,79,0,
889,B02764,30968,2015,6,14,Queens,JFK Airport,11430,2015/6/14,77,0.36,Rain
890,B02764,28509,2015,6,15,Manhattan,Midtown Center,10176,2015/6/15,74,0.57,Rain
891,B02764,29472,2015,6,16,Manhattan,Lower East Side,10002,2015/6/16,72,0.27,Rain
892,B02764,30523,2015,6,17,Manhattan,East Village,10009,2015/6/17,74,T,Rain
893,B02764,32021,2015,6,18,Queens,LaGuardia Airport,11371,2015/6/18,68,0,
894,B02764,33281,2015,6,19,Manhattan,Upper West Side South,10024,2015/6/19,78,0,
895,B02764,33376,2015,6,20,Manhattan,Midtown East,10022,2015/6/20,70,T,Rain
896,B02764,29872,2015,6,21,Manhattan,Lincoln Square East,10023,2015/6/21,80,0.64,Rain
897,B02764,24489,2015,6,22,Manhattan,Greenwich Village South,10014,2015/6/22,79,0,
898,B02764,29774,2015,6,23,Manhattan,East Chelsea,10011,2015/6/23,83,0.02,
899,B02764,29191,2015,6,24,Manhattan,TriBeCa/Civic Center,11201,2015/6/24,76,0,
900,B02764,32060,2015,6,25,Brooklyn,East Williamsburg,11211,2015/6/25,74,0,
901,B02764,32050,2015,6,26,Manhattan,Upper West Side North,10024,2015/6/26,75,0,
902,B02764,44842,2015,6,27,Manhattan,Upper East Side North,10075,2015/6/27,65,1.12,Rain
903,B02764,30931,2015,6,28,Manhattan,Clinton East,10019,2015/6/28,68,0.29,Rain
904,B02764,24020,2015,6,29,Manhattan,Times Sq/Theatre District,10036,2015/6/29,70,0,
905,B02764,26980,2015,6,30,Manhattan,East Chelsea,10011,2015/6/30,75,0,
906,B02765,3668,2015,1,1,Brooklyn,Windsor Terrace,11218,2016/1/1,33,0,
907,B02765,1040,2015,1,2,Brooklyn,Fort Greene,11205,2015/1/2,39,0,
908,B02765,1561,2015,1,3,Manhattan,Flatiron,10010,2015/1/3,38,0.71,Rain-Snow
909,B02765,1018,2015,1,4,Queens,Sunnyside,11104,2015/1/4,49,0.3,Rain
910,B02765,1131,2015,1,5,Manhattan,West Village,10014,2015/1/5,35,0,
911,B02765,1377,2015,1,6,Manhattan,Midtown North,10036,2015/1/6,21,0.05,Snow
912,B02765,1742,2015,1,7,Manhattan,East Village,10009,2015/1/7,16,0,
913,B02765,1954,2015,1,8,Brooklyn,Flatbush/Ditmas Park,11226,2015/1/8,15,0,
914,B02765,2096,2015,1,9,Manhattan,East Chelsea,10011,2015/1/9,26,0.07,Snow
915,B02765,2248,2015,1,10,Manhattan,Battery Park City,10080,2015/1/10,20,0,
916,B02765,1676,2015,1,11,Manhattan,Clinton East,10019,2015/1/11,28,0,
917,B02765,1760,2015,1,12,Manhattan,Midtown Center,10176,2015/1/12,37,0.36,Rain
918,B02765,1742,2015,1,13,Manhattan,Upper East Side North,10075,2015/1/13,27,0,
919,B02765,1622,2015,1,14,Queens,JFK Airport,11430,2015/1/14,24,0,
920,B02765,1821,2015,1,15,Queens,Laurelton,11413,2015/1/15,30,0,
921,B02765,2146,2015,1,16,Manhattan,Hudson Sq,10013,2015/1/16,32,0,
922,B02765,2190,2015,1,17,Manhattan,Central Harlem,10035,2015/1/17,25,0,
923,B02765,2334,2015,1,18,Manhattan,Upper East Side North,10075,2015/1/18,37,2.1,Fog-Rain
924,B02765,1587,2015,1,19,Brooklyn,Manhattan Beach,11235,2015/1/19,39,0,
925,B02765,1653,2015,1,20,Manhattan,West Village,10014,2015/1/20,36,0,
926,B02765,1820,2015,1,21,Manhattan,Greenwich Village North,10014,2015/1/21,31,0,
927,B02765,2057,2015,1,22,Manhattan,Midtown South,10036,2015/1/22,36,0,
928,B02765,2197,2015,1,23,Manhattan,Lenox Hill East,10065,2015/1/23,34,0,
929,B02765,2426,2015,1,24,Manhattan,Upper West Side South,10024,2015/1/24,36,0.72,Fog-Rain-Snow
930,B02765,1769,2015,1,25,Manhattan,Meatpacking/West Village West,10013,2015/1/25,37,0,
931,B02765,1381,2015,1,26,Queens,Murray Hill-Queens,11358,2015/1/26,27,0.48,Fog-Snow
932,B02765,938,2015,1,27,Manhattan,TriBeCa/Civic Center,11201,2015/1/27,25,0.36,Fog-Snow
933,B02765,1924,2015,1,28,Manhattan,Hudson Sq,10013,2015/1/28,25,0,
934,B02765,2098,2015,1,29,Manhattan,Midtown North,10036,2015/1/29,28,0.02,Snow
935,B02765,2779,2015,1,30,Manhattan,Meatpacking/West Village West,10013,2015/1/30,29,0.06,Snow
936,B02765,3318,2015,1,31,Manhattan,Penn Station/Madison Sq West,10001,2015/1/31,20,0,
937,B02765,2646,2015,2,1,Manhattan,Garment District,10018,2015/2/1,28,0.03,Snow
938,B02765,2619,2015,2,2,Queens,Richmond Hill,11418,2015/2/2,24,1.02,Fog-Rain-Snow
939,B02765,2394,2015,2,3,Manhattan,Union Sq,10003,2015/2/3,20,0,
940,B02765,2304,2015,2,4,Manhattan,Lenox Hill East,10065,2015/2/4,34,0,
941,B02765,3014,2015,2,5,Manhattan,Garment District,10018,2015/2/5,28,0,
942,B02765,3567,2015,2,6,Manhattan,Penn Station/Madison Sq West,10001,2015/2/6,20,0,
943,B02765,3453,2015,2,7,Manhattan,Lenox Hill East,10065,2015/2/7,33,0.02,Snow
944,B02765,2619,2015,2,8,Brooklyn,Williamsburg (South Side),11211,2015/2/8,33,0,
945,B02765,2870,2015,2,9,Manhattan,Lower East Side,10002,2015/2/9,27,0.09,
946,B02765,3475,2015,2,10,Queens,Astoria,11102,2015/2/10,33,0.01,Snow
947,B02765,3798,2015,2,11,Queens,Rego Park,11374,2015/2/11,28,0,
948,B02765,4643,2015,2,12,Manhattan,Midtown East,10022,2015/2/12,28,T,Snow
949,B02765,5924,2015,2,13,Manhattan,Greenwich Village South,10014,2015/2/13,15,0,
950,B02765,6375,2015,2,14,Manhattan,Hudson Sq,10013,2015/2/14,24,0.02,Snow
951,B02765,5469,2015,2,15,Manhattan,Kips Bay,10016,2015/2/15,15,T,Snow
952,B02765,4947,2015,2,16,Manhattan,UN/Turtle Bay South,10017,2015/2/16,12,0,
953,B02765,4907,2015,2,17,Queens,Long Island City/Hunters Point,11101,2015/2/17,21,0.14,Snow
954,B02765,5097,2015,2,18,Manhattan,Upper East Side South,10075,2015/2/18,26,T,Snow
955,B02765,6480,2015,2,19,Manhattan,Midtown North,10036,2015/2/19,18,0,
956,B02765,7873,2015,2,20,Manhattan,Greenwich Village North,10014,2015/2/20,11,0,
957,B02765,7745,2015,2,21,Queens,Astoria,11102,2015/2/21,23,0.61,Fog-Rain-Snow
958,B02765,5059,2015,2,22,Brooklyn,Boerum Hill,11217,2015/2/22,38,0.1,Rain-Snow
959,B02765,5873,2015,2,23,Queens,JFK Airport,11430,2015/2/23,23,0,
960,B02765,6415,2015,2,24,Manhattan,Midtown Center,10176,2015/2/24,14,0,
961,B02765,6247,2015,2,25,Manhattan,Flatiron,10010,2015/2/25,29,0,
962,B02765,6820,2015,2,26,Manhattan,Battery Park City,10080,2015/2/26,27,0,
963,B02765,7631,2015,2,27,Manhattan,Midtown Center,10176,2015/2/27,24,0,
964,B02765,7851,2015,2,28,Manhattan,TriBeCa/Civic Center,11201,2015/2/28,21,0,
965,B02765,6367,2015,3,1,Brooklyn,Crown Heights North,11213,2015/3/1,28,0.52,Fog-Snow
966,B02765,5262,2015,3,2,Brooklyn,Midwood,11230,2015/3/2,33,0,
967,B02765,7055,2015,3,3,Manhattan,East Chelsea,10011,2015/3/3,30,0.67,Rain-Snow
968,B02765,6555,2015,3,4,Manhattan,Flatiron,10010,2015/3/4,40,0.25,Rain
969,B02765,6801,2015,3,5,Manhattan,East Chelsea,10011,2015/3/5,30,0.76,Fog-Rain-Snow
970,B02765,7529,2015,3,6,Manhattan,East Village,10009,2015/3/6,20,0,
971,B02765,7701,2015,3,7,Manhattan,Financial District South,10005,2015/3/7,28,0,
972,B02765,5621,2015,3,8,Queens,Forest Hills,11375,2015/3/8,43,0,
973,B02765,5129,2015,3,9,Queens,JFK Airport,11430,2015/3/9,47,0.01,Rain
974,B02765,6979,2015,3,10,Brooklyn,Williamsburg (South Side),11211,2015/3/10,46,0.46,Rain
975,B02765,6148,2015,3,11,Manhattan,Greenwich Village South,10014,2015/3/11,52,0.01,Rain
976,B02765,6839,2015,3,12,Brooklyn,Bushwick North,11221,2015/3/12,42,0,
977,B02765,7952,2015,3,13,Manhattan,West Village,10014,2015/3/13,37,0,
978,B02765,9356,2015,3,14,Manhattan,Murray Hill,10016,2015/3/14,46,0.81,Rain
979,B02765,6285,2015,3,15,Brooklyn,Park Slope,11215,2015/3/15,40,0,
980,B02765,5539,2015,3,16,Manhattan,East Village,10009,2015/3/16,44,0,
981,B02765,6082,2015,3,17,Manhattan,Lenox Hill West,10065,2015/3/17,46,0.02,Rain
982,B02765,6633,2015,3,18,Manhattan,Kips Bay,10016,2015/3/18,34,0,
983,B02765,7240,2015,3,19,Manhattan,Lower East Side,10002,2015/3/19,36,0,
984,B02765,9558,2015,3,20,Manhattan,East Chelsea,10011,2015/3/20,34,0.4,Fog-Snow
985,B02765,8408,2015,3,21,Manhattan,Little Italy/NoLiTa,10012,2015/3/21,38,T,
986,B02765,6924,2015,3,22,Queens,JFK Airport,11430,2015/3/22,36,0,
987,B02765,6049,2015,3,23,Brooklyn,East Williamsburg,11211,2015/3/23,31,0,
988,B02765,6197,2015,3,24,Brooklyn,East Williamsburg,11211,2015/3/24,36,0,
989,B02765,7262,2015,3,25,Manhattan,Midtown South,10036,2015/3/25,42,0.05,Rain
990,B02765,7698,2015,3,26,Brooklyn,Bensonhurst West,11214,2015/3/26,52,0.32,Rain
991,B02765,8540,2015,3,27,Manhattan,Greenwich Village North,10014,2015/3/27,43,0.27,Rain
992,B02765,9598,2015,3,28,Queens,Ridgewood,11385,2015/3/28,33,T,Snow
993,B02765,7696,2015,3,29,Manhattan,Penn Station/Madison Sq West,10001,2015/3/29,36,0,
994,B02765,6369,2015,3,30,Manhattan,Financial District North,10005,2015/3/30,45,T,Snow
995,B02765,7699,2015,3,31,Queens,LaGuardia Airport,11371,2015/3/31,41,0.17,Rain
996,B02765,6983,2015,4,1,Queens,Long Island City/Hunters Point,11101,2015/4/1,42,0,
997,B02765,7602,2015,4,2,Manhattan,Greenwich Village South,10014,2015/4/2,54,0,
998,B02765,8012,2015,4,3,Manhattan,East Harlem North,10029,2015/4/3,62,0.04,Rain
999,B02765,7368,2015,4,4,Queens,Elmhurst,11373,2015/4/4,51,0.01,Rain
1000,B02765,6333,2015,4,5,Brooklyn,East Williamsburg,11211,2015/4/5,52,0,
1001,B02765,5840,2015,4,6,Manhattan,Lincoln Square West,10023,2015/4/6,53,0,
1002,B02765,7093,2015,4,7,Manhattan,Alphabet City,10009,2015/4/7,52,0.15,Rain
1003,B02765,7676,2015,4,8,Manhattan,Clinton East,10019,2015/4/8,41,0,
1004,B02765,7831,2015,4,9,Manhattan,East Chelsea,10011,2015/4/9,40,0,
1005,B02765,8628,2015,4,10,Manhattan,Midtown East,10022,2015/4/10,48,0.17,Rain
1006,B02765,8780,2015,4,11,Manhattan,West Village,10014,2015/4/11,51,0,
1007,B02765,6817,2015,4,12,Brooklyn,Borough Park,11219,2015/4/12,55,0,
1008,B02765,5978,2015,4,13,Manhattan,Midtown East,10022,2015/4/13,59,0,
1009,B02765,6423,2015,4,14,Manhattan,Midtown South,10036,2015/4/14,60,0.01,
1010,B02765,6571,2015,4,15,Brooklyn,DUMBO/Vinegar Hill,11201,2015/4/15,62,0,
1011,B02765,8007,2015,4,16,Manhattan,Midtown South,10036,2015/4/16,58,0,
1012,B02765,8710,2015,4,17,Manhattan,TriBeCa/Civic Center,11201,2015/4/17,63,0.08,Rain
1013,B02765,9324,2015,4,18,Manhattan,Union Sq,10003,2015/4/18,70,0,
1014,B02765,7643,2015,4,19,Manhattan,Upper West Side South,10024,2015/4/19,56,0,
1015,B02765,7613,2015,4,20,Brooklyn,Brooklyn Heights,11201,2015/4/20,52,1.37,Fog-Rain
1016,B02765,6728,2015,4,21,Brooklyn,Brooklyn Heights,11201,2015/4/21,59,0.2,Rain
1017,B02765,8315,2015,4,22,Queens,Steinway,11105,2015/4/22,59,0.05,Rain
1018,B02765,9056,2015,4,23,Manhattan,Midtown Center,10176,2015/4/23,47,0,
1019,B02765,10036,2015,4,24,Manhattan,East Village,10009,2015/4/24,46,0,
1020,B02765,10649,2015,4,25,Manhattan,Midtown East,10022,2015/4/25,50,0,
1021,B02765,8894,2015,4,26,Brooklyn,Williamsburg (North Side),11249,2015/4/26,55,0,
1022,B02765,6442,2015,4,27,Manhattan,Midtown East,10022,2015/4/27,56,0,
1023,B02765,6989,2015,4,28,Manhattan,Lenox Hill West,10065,2015/4/28,61,0,
1024,B02765,7526,2015,4,29,Manhattan,TriBeCa/Civic Center,11201,2015/4/29,64,0,
1025,B02765,8295,2015,4,30,Manhattan,Times Sq/Theatre District,10036,2015/4/30,58,0,
1026,B02765,9231,2015,5,1,Manhattan,TriBeCa/Civic Center,11201,2015/5/1,56,0,
1027,B02765,10620,2015,5,2,Manhattan,East Village,10009,2015/5/2,61,0,
1028,B02765,7781,2015,5,3,Queens,Baisley Park,11434,2015/5/3,66,0,
1029,B02765,6364,2015,5,4,Manhattan,Sutton Place/Turtle Bay North,10022,2015/5/4,71,0,
1030,B02765,7549,2015,5,5,Manhattan,Union Sq,10003,2015/5/5,76,0,
1031,B02765,7612,2015,5,6,Manhattan,West Chelsea/Hudson Yards,10014,2015/5/6,66,T,
1032,B02765,8139,2015,5,7,Brooklyn,Stuyvesant Heights,11221,2015/5/7,68,0,
1033,B02765,9078,2015,5,8,Manhattan,Little Italy/NoLiTa,10012,2015/5/8,69,0,
1034,B02765,9842,2015,5,9,Manhattan,Greenwich Village North,10014,2015/5/9,64,0,
1035,B02765,7836,2015,5,10,Manhattan,Central Harlem,10035,2015/5/10,72,0,
1036,B02765,6801,2015,5,11,Manhattan,Greenwich Village North,10014,2015/5/11,77,T,Rain
1037,B02765,7431,2015,5,12,Manhattan,Central Park,10019,2015/5/12,75,0,
1038,B02765,8056,2015,5,13,Brooklyn,Carroll Gardens,11231,2015/5/13,62,0,
1039,B02765,8492,2015,5,14,Manhattan,Upper East Side South,10075,2015/5/14,62,0,
1040,B02765,9299,2015,5,15,Manhattan,Clinton East,10019,2015/5/15,65,0,
1041,B02765,11885,2015,5,16,Brooklyn,Crown Heights North,11213,2015/5/16,66,0.3,Rain
1042,B02765,9155,2015,5,17,Manhattan,Midtown East,10022,2015/5/17,74,0.02,Rain
1043,B02765,7111,2015,5,18,Manhattan,Upper East Side South,10075,2015/5/18,68,0,
1044,B02765,7532,2015,5,19,Manhattan,Midtown North,10036,2015/5/19,70,T,Rain
1045,B02765,8186,2015,5,20,Manhattan,Midtown South,10036,2015/5/20,61,0,
1046,B02765,8464,2015,5,21,Manhattan,Meatpacking/West Village West,10013,2015/5/21,57,0,
1047,B02765,7961,2015,5,22,Manhattan,Lincoln Square West,10023,2015/5/22,65,0,
1048,B02765,7704,2015,5,23,Manhattan,Upper East Side South,10075,2015/5/23,60,0,
1049,B02765,6849,2015,5,24,Manhattan,Hudson Sq,10013,2015/5/24,69,0,
1050,B02765,5888,2015,5,25,Manhattan,West Village,10014,2015/5/25,75,0,
1051,B02765,6654,2015,5,26,Brooklyn,Williamsburg (South Side),11211,2015/5/26,78,0,
1052,B02765,8010,2015,5,27,Brooklyn,Fort Greene,11205,2015/5/27,78,0.08,Rain
1053,B02765,8858,2015,5,28,Brooklyn,Clinton Hill,11238,2015/5/28,78,0,
1054,B02765,9394,2015,5,29,Brooklyn,Greenpoint,11222,2015/5/29,75,0,
1055,B02765,9903,2015,5,30,Manhattan,West Village,10014,2015/5/30,76,0,
1056,B02765,9487,2015,5,31,Brooklyn,Greenpoint,11222,2015/5/31,72,1.46,Fog-Rain
1057,B02765,8478,2015,6,1,Brooklyn,Park Slope,11215,2015/6/1,55,0.72,Rain
1058,B02765,8532,2015,6,2,Manhattan,Sutton Place/Turtle Bay North,10022,2015/6/2,53,0.37,Rain
1059,B02765,7707,2015,6,3,Manhattan,Murray Hill,10016,2015/6/3,61,0,
1060,B02765,8464,2015,6,4,Manhattan,Greenwich Village South,10014,2015/6/4,60,0,
1061,B02765,9475,2015,6,5,Brooklyn,Williamsburg (South Side),11211,2015/6/5,63,0.13,Rain
1062,B02765,9319,2015,6,6,Manhattan,Battery Park City,10080,2015/6/6,68,0.19,Rain
1063,B02765,8071,2015,6,7,Manhattan,Penn Station/Madison Sq West,10001,2015/6/7,65,0,
1064,B02765,6752,2015,6,8,Manhattan,Little Italy/NoLiTa,10012,2015/6/8,71,0.06,Rain
1065,B02765,7441,2015,6,9,Brooklyn,Flatbush/Ditmas Park,11226,2015/6/9,76,0.01,Rain
1066,B02765,7522,2015,6,10,Brooklyn,Gowanus,11215,2015/6/10,74,0,
1067,B02765,9013,2015,6,11,Brooklyn,Bensonhurst East,11214,2015/6/11,81,0,
1068,B02765,9203,2015,6,12,Manhattan,Washington Heights North,10032,2015/6/12,81,0,
1069,B02765,9076,2015,6,13,Brooklyn,Boerum Hill,11217,2015/6/13,79,0,
1070,B02765,8129,2015,6,14,Manhattan,Upper West Side South,10024,2015/6/14,77,0.36,Rain
1071,B02765,7593,2015,6,15,Manhattan,Lincoln Square West,10023,2015/6/15,74,0.57,Rain
1072,B02765,7939,2015,6,16,Queens,Astoria,11102,2015/6/16,72,0.27,Rain
1073,B02765,8157,2015,6,17,Manhattan,East Chelsea,10011,2015/6/17,74,T,Rain
1074,B02765,8809,2015,6,18,Queens,Long Island City/Queens Plaza,11101,2015/6/18,68,0,
1075,B02765,9055,2015,6,19,Manhattan,SoHo,10013,2015/6/19,78,0,
1076,B02765,9161,2015,6,20,Manhattan,West Chelsea/Hudson Yards,10014,2015/6/20,70,T,Rain
1077,B02765,7944,2015,6,21,Brooklyn,Park Slope,11215,2015/6/21,80,0.64,Rain
1078,B02765,6252,2015,6,22,Manhattan,Financial District North,10005,2015/6/22,79,0,
1079,B02765,7999,2015,6,23,Brooklyn,Green-Wood Cemetery,11215,2015/6/23,83,0.02,
1080,B02765,7609,2015,6,24,Manhattan,Upper West Side South,10024,2015/6/24,76,0,
1081,B02765,8602,2015,6,25,Manhattan,Lenox Hill West,10065,2015/6/25,74,0,
1082,B02765,8616,2015,6,26,Manhattan,Yorkville East,10028,2015/6/26,75,0,
1083,B02765,12226,2015,6,27,Queens,Jackson Heights,11372,2015/6/27,65,1.12,Rain
1084,B02765,8518,2015,6,28,Queens,JFK Airport,11430,2015/6/28,68,0.29,Rain
1085,B02765,6359,2015,6,29,Manhattan,East Village,10009,2015/6/29,70,0,
1086,B02765,6947,2015,6,30,Queens,Jamaica Estates,11423,2015/6/30,75,0,
1087,B02835,345,2015,6,1,Manhattan,Midtown Center,10176,2015/6/1,55,0.72,Rain
1088,B02835,346,2015,6,2,Manhattan,Meatpacking/West Village West,10013,2015/6/2,53,0.37,Rain
1089,B02835,348,2015,6,3,Brooklyn,Fort Greene,11205,2015/6/3,61,0,
1090,B02835,343,2015,6,4,Manhattan,Midtown East,10022,2015/6/4,60,0,
1091,B02835,374,2015,6,5,Manhattan,Greenwich Village North,10014,2015/6/5,63,0.13,Rain
1092,B02835,382,2015,6,6,Manhattan,Times Sq/Theatre District,10036,2015/6/6,68,0.19,Rain
1093,B02835,343,2015,6,7,Brooklyn,Williamsburg (North Side),11249,2015/6/7,65,0,
1094,B02835,301,2015,6,8,Manhattan,Yorkville West,10028,2015/6/8,71,0.06,Rain
1095,B02835,362,2015,6,9,Brooklyn,East New York,11207,2015/6/9,76,0.01,Rain
1096,B02835,398,2015,6,10,Manhattan,Yorkville East,10028,2015/6/10,74,0,
1097,B02835,414,2015,6,11,Manhattan,Battery Park City,10080,2015/6/11,81,0,
1098,B02835,512,2015,6,12,Manhattan,Washington Heights North,10032,2015/6/12,81,0,
1099,B02835,653,2015,6,13,Manhattan,Gramercy,10017,2015/6/13,79,0,
1100,B02835,636,2015,6,14,Brooklyn,Sheepshead Bay,11229,2015/6/14,77,0.36,Rain
1101,B02835,536,2015,6,15,Queens,Kew Gardens Hills,11367,2015/6/15,74,0.57,Rain
1102,B02835,706,2015,6,16,Queens,Hillcrest/Pomonok,11415,2015/6/16,72,0.27,Rain
1103,B02835,858,2015,6,17,Brooklyn,Greenpoint,11222,2015/6/17,74,T,Rain
1104,B02835,955,2015,6,18,Manhattan,Yorkville East,10028,2015/6/18,68,0,
1105,B02835,1130,2015,6,19,Brooklyn,Greenpoint,11222,2015/6/19,78,0,
1106,B02835,1302,2015,6,20,Queens,Steinway,11105,2015/6/20,70,T,Rain
1107,B02835,998,2015,6,21,Queens,Richmond Hill,11418,2015/6/21,80,0.64,Rain
1108,B02835,964,2015,6,22,Queens,Sunnyside,11104,2015/6/22,79,0,
1109,B02835,1146,2015,6,23,Queens,JFK Airport,11430,2015/6/23,83,0.02,
1110,B02835,1373,2015,6,24,Manhattan,West Chelsea/Hudson Yards,10014,2015/6/24,76,0,
1111,B02835,1561,2015,6,25,Brooklyn,Brooklyn Heights,11201,2015/6/25,74,0,
1112,B02835,1843,2015,6,26,Brooklyn,Crown Heights North,11213,2015/6/26,75,0,
1113,B02835,2515,2015,6,27,Bronx,Spuyten Duyvil/Kingsbridge,10463,2015/6/27,65,1.12,Rain
1114,B02835,1764,2015,6,28,Brooklyn,Bushwick South,11221,2015/6/28,68,0.29,Rain
1115,B02835,1406,2015,6,29,Brooklyn,Williamsburg (South Side),11211,2015/6/29,70,0,
1116,B02835,1808,2015,6,30,Queens,Queens Village,11429,2015/6/30,75,0,
1117,B02836,71,2015,6,1,Brooklyn,Prospect-Lefferts Gardens,11225,2015/6/1,55,0.72,Rain
1118,B02836,75,2015,6,2,Manhattan,Clinton East,10019,2015/6/2,53,0.37,Rain
1119,B02836,40,2015,6,3,Manhattan,East Chelsea,10011,2015/6/3,61,0,
1120,B02836,60,2015,6,4,Manhattan,Meatpacking/West Village West,10013,2015/6/4,60,0,
1121,B02836,52,2015,6,5,Queens,Long Island City/Queens Plaza,11101,2015/6/5,63,0.13,Rain
1122,B02836,82,2015,6,6,Queens,Long Island City/Queens Plaza,11101,2015/6/6,68,0.19,Rain
1123,B02836,81,2015,6,7,Manhattan,SoHo,10013,2015/6/7,65,0,
1124,B02836,47,2015,6,8,Manhattan,Upper West Side South,10024,2015/6/8,71,0.06,Rain
1125,B02836,42,2015,6,9,Manhattan,East Harlem North,10029,2015/6/9,76,0.01,Rain
1126,B02836,67,2015,6,10,Brooklyn,Cobble Hill,11201,2015/6/10,74,0,
1127,B02836,71,2015,6,11,Manhattan,Times Sq/Theatre District,10036,2015/6/11,81,0,
1128,B02836,73,2015,6,12,Manhattan,Union Sq,10003,2015/6/12,81,0,
1129,B02836,98,2015,6,13,Queens,Richmond Hill,11418,2015/6/13,79,0,
1130,B02836,82,2015,6,14,Manhattan,SoHo,10013,2015/6/14,77,0.36,Rain
1131,B02836,58,2015,6,15,Manhattan,Times Sq/Theatre District,10036,2015/6/15,74,0.57,Rain
1132,B02836,80,2015,6,16,Brooklyn,Williamsburg (North Side),11249,2015/6/16,72,0.27,Rain
1133,B02836,54,2015,6,17,Manhattan,Midtown North,10036,2015/6/17,74,T,Rain
1134,B02836,40,2015,6,18,Manhattan,Alphabet City,10009,2015/6/18,68,0,
1135,B02836,75,2015,6,19,Brooklyn,Bedford,11216,2015/6/19,78,0,
1136,B02836,80,2015,6,20,Brooklyn,Bay Ridge,11209,2015/6/20,70,T,Rain
1137,B02836,77,2015,6,21,Manhattan,Yorkville West,10028,2015/6/21,80,0.64,Rain
1138,B02836,51,2015,6,22,Manhattan,Little Italy/NoLiTa,10012,2015/6/22,79,0,
1139,B02836,68,2015,6,23,Manhattan,Midtown North,10036,2015/6/23,83,0.02,
1140,B02836,57,2015,6,24,Queens,LaGuardia Airport,11371,2015/6/24,76,0,
1141,B02836,62,2015,6,25,Brooklyn,East Flatbush/Remsen Village,11212,2015/6/25,74,0,
1142,B02836,74,2015,6,26,Manhattan,Lower East Side,10002,2015/6/26,75,0,
1143,B02836,103,2015,6,27,Brooklyn,Ocean Hill,11230,2015/6/27,65,1.12,Rain
1144,B02836,76,2015,6,28,Queens,LaGuardia Airport,11371,2015/6/28,68,0.29,Rain
1145,B02836,48,2015,6,29,Brooklyn,Williamsburg (South Side),11211,2015/6/29,70,0,
1146,B02836,46,2015,6,30,Manhattan,Little Italy/NoLiTa,10012,2015/6/30,75,0,
